[0.000000] (-) TimerEvent: {}
[0.000091] (dynamic_obstacle_detector) JobQueued: {'identifier': 'dynamic_obstacle_detector', 'dependencies': OrderedDict()}
[0.000111] (dynamic_obstacle_detector_interfaces) JobQueued: {'identifier': 'dynamic_obstacle_detector_interfaces', 'dependencies': OrderedDict()}
[0.000122] (merging_pkg) JobQueued: {'identifier': 'merging_pkg', 'dependencies': OrderedDict()}
[0.000130] (turtlebot3_gazebo) JobQueued: {'identifier': 'turtlebot3_gazebo', 'dependencies': OrderedDict()}
[0.000136] (multi_robot_bringup) JobQueued: {'identifier': 'multi_robot_bringup', 'dependencies': OrderedDict({'dynamic_obstacle_detector': '/root/ros_workspace/install/dynamic_obstacle_detector'})}
[0.000146] (obstacle_fusion) JobQueued: {'identifier': 'obstacle_fusion', 'dependencies': OrderedDict({'dynamic_obstacle_detector_interfaces': '/root/ros_workspace/install/dynamic_obstacle_detector_interfaces'})}
[0.000153] (slam_multi_robot) JobQueued: {'identifier': 'slam_multi_robot', 'dependencies': OrderedDict({'dynamic_obstacle_detector': '/root/ros_workspace/install/dynamic_obstacle_detector'})}
[0.000160] (dynamic_obstacle_detector) JobStarted: {'identifier': 'dynamic_obstacle_detector'}
[0.014706] (dynamic_obstacle_detector_interfaces) JobStarted: {'identifier': 'dynamic_obstacle_detector_interfaces'}
[0.018301] (merging_pkg) JobStarted: {'identifier': 'merging_pkg'}
[0.021700] (turtlebot3_gazebo) JobStarted: {'identifier': 'turtlebot3_gazebo'}
[0.100190] (-) TimerEvent: {}
[0.155572] (dynamic_obstacle_detector_interfaces) JobProgress: {'identifier': 'dynamic_obstacle_detector_interfaces', 'progress': 'cmake'}
[0.156991] (dynamic_obstacle_detector_interfaces) Command: {'cmd': ['/usr/bin/cmake', '/root/ros_workspace/src/dynamic_obstacle_detector_interfaces', '-DCMAKE_INSTALL_PREFIX=/root/ros_workspace/install/dynamic_obstacle_detector_interfaces'], 'cwd': '/root/ros_workspace/build/dynamic_obstacle_detector_interfaces', 'env': OrderedDict({'GZ_SIM_RESOURCE_PATH': '/opt/ros/jazzy/share', 'GZ_CONFIG_PATH': '/opt/ros/jazzy/opt/gz_sim_vendor/share/gz:/opt/ros/jazzy/opt/sdformat_vendor/share/gz:/opt/ros/jazzy/opt/gz_gui_vendor/share/gz:/opt/ros/jazzy/opt/gz_transport_vendor/share/gz:/opt/ros/jazzy/opt/gz_rendering_vendor/share/gz:/opt/ros/jazzy/opt/gz_plugin_vendor/share/gz:/opt/ros/jazzy/opt/gz_fuel_tools_vendor/share/gz:/opt/ros/jazzy/opt/gz_msgs_vendor/share/gz:/opt/ros/jazzy/opt/gz_common_vendor/share/gz', 'HOSTNAME': 'docker-desktop', 'SHLVL': '1', 'LD_LIBRARY_PATH': '/opt/ros/jazzy/opt/gz_sim_vendor/lib:/opt/ros/jazzy/opt/gz_sensors_vendor/lib:/opt/ros/jazzy/opt/gz_physics_vendor/lib:/opt/ros/jazzy/opt/sdformat_vendor/lib:/opt/ros/jazzy/opt/rviz_ogre_vendor/lib:/opt/ros/jazzy/lib/x86_64-linux-gnu:/opt/ros/jazzy/opt/gz_gui_vendor/lib:/opt/ros/jazzy/opt/gz_transport_vendor/lib:/opt/ros/jazzy/opt/gz_rendering_vendor/lib:/opt/ros/jazzy/opt/gz_plugin_vendor/lib:/opt/ros/jazzy/opt/gz_fuel_tools_vendor/lib:/opt/ros/jazzy/opt/gz_msgs_vendor/lib:/opt/ros/jazzy/opt/gz_common_vendor/lib:/opt/ros/jazzy/opt/gz_math_vendor/lib:/opt/ros/jazzy/opt/gz_utils_vendor/lib:/opt/ros/jazzy/opt/gz_tools_vendor/lib:/opt/ros/jazzy/opt/gz_ogre_next_vendor/lib:/opt/ros/jazzy/opt/gz_dartsim_vendor/lib:/opt/ros/jazzy/opt/gz_cmake_vendor/lib:/opt/ros/jazzy/lib', 'HOME': '/root', 'ROS_PYTHON_VERSION': '3', 'ROS_DISTRO': 'jazzy', '_': '/usr/bin/colcon', 'ROS_VERSION': '2', 'TERM': 'xterm', 'PATH': '/opt/ros/jazzy/opt/gz_msgs_vendor/bin:/opt/ros/jazzy/opt/gz_tools_vendor/bin:/opt/ros/jazzy/opt/gz_ogre_next_vendor/bin:/opt/ros/jazzy/bin:/usr/local/sbin:/usr/local/bin:/usr/sbin:/usr/bin:/sbin:/bin', 'DISPLAY': ':0', 'LANG': 'C.UTF-8', 'XAUTHORITY': '', 'LS_COLORS': 'rs=0:di=01;34:ln=01;36:mh=00:pi=40;33:so=01;35:do=01;35:bd=40;33;01:cd=40;33;01:or=40;31;01:mi=00:su=37;41:sg=30;43:ca=00:tw=30;42:ow=34;42:st=37;44:ex=01;32:*.tar=01;31:*.tgz=01;31:*.arc=01;31:*.arj=01;31:*.taz=01;31:*.lha=01;31:*.lz4=01;31:*.lzh=01;31:*.lzma=01;31:*.tlz=01;31:*.txz=01;31:*.tzo=01;31:*.t7z=01;31:*.zip=01;31:*.z=01;31:*.dz=01;31:*.gz=01;31:*.lrz=01;31:*.lz=01;31:*.lzo=01;31:*.xz=01;31:*.zst=01;31:*.tzst=01;31:*.bz2=01;31:*.bz=01;31:*.tbz=01;31:*.tbz2=01;31:*.tz=01;31:*.deb=01;31:*.rpm=01;31:*.jar=01;31:*.war=01;31:*.ear=01;31:*.sar=01;31:*.rar=01;31:*.alz=01;31:*.ace=01;31:*.zoo=01;31:*.cpio=01;31:*.7z=01;31:*.rz=01;31:*.cab=01;31:*.wim=01;31:*.swm=01;31:*.dwm=01;31:*.esd=01;31:*.avif=01;35:*.jpg=01;35:*.jpeg=01;35:*.mjpg=01;35:*.mjpeg=01;35:*.gif=01;35:*.bmp=01;35:*.pbm=01;35:*.pgm=01;35:*.ppm=01;35:*.tga=01;35:*.xbm=01;35:*.xpm=01;35:*.tif=01;35:*.tiff=01;35:*.png=01;35:*.svg=01;35:*.svgz=01;35:*.mng=01;35:*.pcx=01;35:*.mov=01;35:*.mpg=01;35:*.mpeg=01;35:*.m2v=01;35:*.mkv=01;35:*.webm=01;35:*.webp=01;35:*.ogm=01;35:*.mp4=01;35:*.m4v=01;35:*.mp4v=01;35:*.vob=01;35:*.qt=01;35:*.nuv=01;35:*.wmv=01;35:*.asf=01;35:*.rm=01;35:*.rmvb=01;35:*.flc=01;35:*.avi=01;35:*.fli=01;35:*.flv=01;35:*.gl=01;35:*.dl=01;35:*.xcf=01;35:*.xwd=01;35:*.yuv=01;35:*.cgm=01;35:*.emf=01;35:*.ogv=01;35:*.ogx=01;35:*.aac=00;36:*.au=00;36:*.flac=00;36:*.m4a=00;36:*.mid=00;36:*.midi=00;36:*.mka=00;36:*.mp3=00;36:*.mpc=00;36:*.ogg=00;36:*.ra=00;36:*.wav=00;36:*.oga=00;36:*.opus=00;36:*.spx=00;36:*.xspf=00;36:*~=00;90:*#=00;90:*.bak=00;90:*.crdownload=00;90:*.dpkg-dist=00;90:*.dpkg-new=00;90:*.dpkg-old=00;90:*.dpkg-tmp=00;90:*.old=00;90:*.orig=00;90:*.part=00;90:*.rej=00;90:*.rpmnew=00;90:*.rpmorig=00;90:*.rpmsave=00;90:*.swp=00;90:*.tmp=00;90:*.ucf-dist=00;90:*.ucf-new=00;90:*.ucf-old=00;90:', 'AMENT_PREFIX_PATH': '/opt/ros/jazzy', 'ROS_AUTOMATIC_DISCOVERY_RANGE': 'SUBNET', 'PWD': '/root/ros_workspace/build/dynamic_obstacle_detector_interfaces', 'LC_ALL': 'C.UTF-8', 'PYTHONPATH': '/opt/ros/jazzy/lib/python3.12/site-packages', 'COLCON': '1', 'CMAKE_PREFIX_PATH': '/opt/ros/jazzy/opt/gz_sim_vendor:/opt/ros/jazzy/opt/gz_sensors_vendor:/opt/ros/jazzy/opt/gz_physics_vendor:/opt/ros/jazzy/opt/sdformat_vendor:/opt/ros/jazzy/opt/gz_gui_vendor:/opt/ros/jazzy/opt/gz_transport_vendor:/opt/ros/jazzy/opt/gz_rendering_vendor:/opt/ros/jazzy/opt/gz_plugin_vendor:/opt/ros/jazzy/opt/gz_fuel_tools_vendor:/opt/ros/jazzy/opt/gz_msgs_vendor:/opt/ros/jazzy/opt/gz_common_vendor:/opt/ros/jazzy/opt/gz_math_vendor:/opt/ros/jazzy/opt/gz_utils_vendor:/opt/ros/jazzy/opt/gz_tools_vendor:/opt/ros/jazzy/opt/gz_ogre_next_vendor:/opt/ros/jazzy/opt/gz_dartsim_vendor:/opt/ros/jazzy/opt/gz_cmake_vendor:/opt/ros/jazzy'}), 'shell': False}
[0.201080] (-) TimerEvent: {}
[0.288498] (turtlebot3_gazebo) JobProgress: {'identifier': 'turtlebot3_gazebo', 'progress': 'cmake'}
[0.289313] (turtlebot3_gazebo) Command: {'cmd': ['/usr/bin/cmake', '/root/ros_workspace/src/turtlebot3_gazebo', '-DCMAKE_INSTALL_PREFIX=/root/ros_workspace/install/turtlebot3_gazebo'], 'cwd': '/root/ros_workspace/build/turtlebot3_gazebo', 'env': OrderedDict({'GZ_SIM_RESOURCE_PATH': '/opt/ros/jazzy/share', 'GZ_CONFIG_PATH': '/opt/ros/jazzy/opt/gz_sim_vendor/share/gz:/opt/ros/jazzy/opt/sdformat_vendor/share/gz:/opt/ros/jazzy/opt/gz_gui_vendor/share/gz:/opt/ros/jazzy/opt/gz_transport_vendor/share/gz:/opt/ros/jazzy/opt/gz_rendering_vendor/share/gz:/opt/ros/jazzy/opt/gz_plugin_vendor/share/gz:/opt/ros/jazzy/opt/gz_fuel_tools_vendor/share/gz:/opt/ros/jazzy/opt/gz_msgs_vendor/share/gz:/opt/ros/jazzy/opt/gz_common_vendor/share/gz', 'HOSTNAME': 'docker-desktop', 'SHLVL': '1', 'LD_LIBRARY_PATH': '/opt/ros/jazzy/opt/gz_sim_vendor/lib:/opt/ros/jazzy/opt/gz_sensors_vendor/lib:/opt/ros/jazzy/opt/gz_physics_vendor/lib:/opt/ros/jazzy/opt/sdformat_vendor/lib:/opt/ros/jazzy/opt/rviz_ogre_vendor/lib:/opt/ros/jazzy/lib/x86_64-linux-gnu:/opt/ros/jazzy/opt/gz_gui_vendor/lib:/opt/ros/jazzy/opt/gz_transport_vendor/lib:/opt/ros/jazzy/opt/gz_rendering_vendor/lib:/opt/ros/jazzy/opt/gz_plugin_vendor/lib:/opt/ros/jazzy/opt/gz_fuel_tools_vendor/lib:/opt/ros/jazzy/opt/gz_msgs_vendor/lib:/opt/ros/jazzy/opt/gz_common_vendor/lib:/opt/ros/jazzy/opt/gz_math_vendor/lib:/opt/ros/jazzy/opt/gz_utils_vendor/lib:/opt/ros/jazzy/opt/gz_tools_vendor/lib:/opt/ros/jazzy/opt/gz_ogre_next_vendor/lib:/opt/ros/jazzy/opt/gz_dartsim_vendor/lib:/opt/ros/jazzy/opt/gz_cmake_vendor/lib:/opt/ros/jazzy/lib', 'HOME': '/root', 'ROS_PYTHON_VERSION': '3', 'ROS_DISTRO': 'jazzy', '_': '/usr/bin/colcon', 'ROS_VERSION': '2', 'TERM': 'xterm', 'PATH': '/opt/ros/jazzy/opt/gz_msgs_vendor/bin:/opt/ros/jazzy/opt/gz_tools_vendor/bin:/opt/ros/jazzy/opt/gz_ogre_next_vendor/bin:/opt/ros/jazzy/bin:/usr/local/sbin:/usr/local/bin:/usr/sbin:/usr/bin:/sbin:/bin', 'DISPLAY': ':0', 'LANG': 'C.UTF-8', 'XAUTHORITY': '', 'LS_COLORS': 'rs=0:di=01;34:ln=01;36:mh=00:pi=40;33:so=01;35:do=01;35:bd=40;33;01:cd=40;33;01:or=40;31;01:mi=00:su=37;41:sg=30;43:ca=00:tw=30;42:ow=34;42:st=37;44:ex=01;32:*.tar=01;31:*.tgz=01;31:*.arc=01;31:*.arj=01;31:*.taz=01;31:*.lha=01;31:*.lz4=01;31:*.lzh=01;31:*.lzma=01;31:*.tlz=01;31:*.txz=01;31:*.tzo=01;31:*.t7z=01;31:*.zip=01;31:*.z=01;31:*.dz=01;31:*.gz=01;31:*.lrz=01;31:*.lz=01;31:*.lzo=01;31:*.xz=01;31:*.zst=01;31:*.tzst=01;31:*.bz2=01;31:*.bz=01;31:*.tbz=01;31:*.tbz2=01;31:*.tz=01;31:*.deb=01;31:*.rpm=01;31:*.jar=01;31:*.war=01;31:*.ear=01;31:*.sar=01;31:*.rar=01;31:*.alz=01;31:*.ace=01;31:*.zoo=01;31:*.cpio=01;31:*.7z=01;31:*.rz=01;31:*.cab=01;31:*.wim=01;31:*.swm=01;31:*.dwm=01;31:*.esd=01;31:*.avif=01;35:*.jpg=01;35:*.jpeg=01;35:*.mjpg=01;35:*.mjpeg=01;35:*.gif=01;35:*.bmp=01;35:*.pbm=01;35:*.pgm=01;35:*.ppm=01;35:*.tga=01;35:*.xbm=01;35:*.xpm=01;35:*.tif=01;35:*.tiff=01;35:*.png=01;35:*.svg=01;35:*.svgz=01;35:*.mng=01;35:*.pcx=01;35:*.mov=01;35:*.mpg=01;35:*.mpeg=01;35:*.m2v=01;35:*.mkv=01;35:*.webm=01;35:*.webp=01;35:*.ogm=01;35:*.mp4=01;35:*.m4v=01;35:*.mp4v=01;35:*.vob=01;35:*.qt=01;35:*.nuv=01;35:*.wmv=01;35:*.asf=01;35:*.rm=01;35:*.rmvb=01;35:*.flc=01;35:*.avi=01;35:*.fli=01;35:*.flv=01;35:*.gl=01;35:*.dl=01;35:*.xcf=01;35:*.xwd=01;35:*.yuv=01;35:*.cgm=01;35:*.emf=01;35:*.ogv=01;35:*.ogx=01;35:*.aac=00;36:*.au=00;36:*.flac=00;36:*.m4a=00;36:*.mid=00;36:*.midi=00;36:*.mka=00;36:*.mp3=00;36:*.mpc=00;36:*.ogg=00;36:*.ra=00;36:*.wav=00;36:*.oga=00;36:*.opus=00;36:*.spx=00;36:*.xspf=00;36:*~=00;90:*#=00;90:*.bak=00;90:*.crdownload=00;90:*.dpkg-dist=00;90:*.dpkg-new=00;90:*.dpkg-old=00;90:*.dpkg-tmp=00;90:*.old=00;90:*.orig=00;90:*.part=00;90:*.rej=00;90:*.rpmnew=00;90:*.rpmorig=00;90:*.rpmsave=00;90:*.swp=00;90:*.tmp=00;90:*.ucf-dist=00;90:*.ucf-new=00;90:*.ucf-old=00;90:', 'AMENT_PREFIX_PATH': '/opt/ros/jazzy', 'ROS_AUTOMATIC_DISCOVERY_RANGE': 'SUBNET', 'PWD': '/root/ros_workspace/build/turtlebot3_gazebo', 'LC_ALL': 'C.UTF-8', 'PYTHONPATH': '/opt/ros/jazzy/lib/python3.12/site-packages', 'COLCON': '1', 'CMAKE_PREFIX_PATH': '/opt/ros/jazzy/opt/gz_sim_vendor:/opt/ros/jazzy/opt/gz_sensors_vendor:/opt/ros/jazzy/opt/gz_physics_vendor:/opt/ros/jazzy/opt/sdformat_vendor:/opt/ros/jazzy/opt/gz_gui_vendor:/opt/ros/jazzy/opt/gz_transport_vendor:/opt/ros/jazzy/opt/gz_rendering_vendor:/opt/ros/jazzy/opt/gz_plugin_vendor:/opt/ros/jazzy/opt/gz_fuel_tools_vendor:/opt/ros/jazzy/opt/gz_msgs_vendor:/opt/ros/jazzy/opt/gz_common_vendor:/opt/ros/jazzy/opt/gz_math_vendor:/opt/ros/jazzy/opt/gz_utils_vendor:/opt/ros/jazzy/opt/gz_tools_vendor:/opt/ros/jazzy/opt/gz_ogre_next_vendor:/opt/ros/jazzy/opt/gz_dartsim_vendor:/opt/ros/jazzy/opt/gz_cmake_vendor:/opt/ros/jazzy'}), 'shell': False}
[0.301266] (-) TimerEvent: {}
[0.392641] (dynamic_obstacle_detector_interfaces) StdoutLine: {'line': b'-- The C compiler identification is GNU 13.3.0\n'}
[0.393067] (turtlebot3_gazebo) StdoutLine: {'line': b'-- The C compiler identification is GNU 13.3.0\n'}
[0.401553] (-) TimerEvent: {}
[0.501772] (-) TimerEvent: {}
[0.503972] (dynamic_obstacle_detector_interfaces) StdoutLine: {'line': b'-- The CXX compiler identification is GNU 13.3.0\n'}
[0.504283] (turtlebot3_gazebo) StdoutLine: {'line': b'-- The CXX compiler identification is GNU 13.3.0\n'}
[0.523780] (turtlebot3_gazebo) StdoutLine: {'line': b'-- Detecting C compiler ABI info\n'}
[0.524053] (dynamic_obstacle_detector_interfaces) StdoutLine: {'line': b'-- Detecting C compiler ABI info\n'}
[0.601899] (-) TimerEvent: {}
[0.610925] (turtlebot3_gazebo) StdoutLine: {'line': b'-- Detecting C compiler ABI info - done\n'}
[0.611219] (dynamic_obstacle_detector_interfaces) StdoutLine: {'line': b'-- Detecting C compiler ABI info - done\n'}
[0.617268] (turtlebot3_gazebo) StdoutLine: {'line': b'-- Check for working C compiler: /usr/bin/cc - skipped\n'}
[0.617576] (dynamic_obstacle_detector_interfaces) StdoutLine: {'line': b'-- Check for working C compiler: /usr/bin/cc - skipped\n'}
[0.617915] (turtlebot3_gazebo) StdoutLine: {'line': b'-- Detecting C compile features\n'}
[0.617975] (dynamic_obstacle_detector_interfaces) StdoutLine: {'line': b'-- Detecting C compile features\n'}
[0.618370] (dynamic_obstacle_detector_interfaces) StdoutLine: {'line': b'-- Detecting C compile features - done\n'}
[0.618628] (turtlebot3_gazebo) StdoutLine: {'line': b'-- Detecting C compile features - done\n'}
[0.626854] (turtlebot3_gazebo) StdoutLine: {'line': b'-- Detecting CXX compiler ABI info\n'}
[0.627223] (dynamic_obstacle_detector_interfaces) StdoutLine: {'line': b'-- Detecting CXX compiler ABI info\n'}
[0.702050] (-) TimerEvent: {}
[0.703555] (dynamic_obstacle_detector_interfaces) StdoutLine: {'line': b'-- Detecting CXX compiler ABI info - done\n'}
[0.703679] (turtlebot3_gazebo) StdoutLine: {'line': b'-- Detecting CXX compiler ABI info - done\n'}
[0.709496] (turtlebot3_gazebo) StdoutLine: {'line': b'-- Check for working CXX compiler: /usr/bin/c++ - skipped\n'}
[0.709740] (dynamic_obstacle_detector_interfaces) StdoutLine: {'line': b'-- Check for working CXX compiler: /usr/bin/c++ - skipped\n'}
[0.709882] (dynamic_obstacle_detector_interfaces) StdoutLine: {'line': b'-- Detecting CXX compile features\n'}
[0.710030] (turtlebot3_gazebo) StdoutLine: {'line': b'-- Detecting CXX compile features\n'}
[0.710398] (dynamic_obstacle_detector_interfaces) StdoutLine: {'line': b'-- Detecting CXX compile features - done\n'}
[0.710593] (turtlebot3_gazebo) StdoutLine: {'line': b'-- Detecting CXX compile features - done\n'}
[0.727109] (turtlebot3_gazebo) StdoutLine: {'line': b'-- Found ament_cmake: 2.5.4 (/opt/ros/jazzy/share/ament_cmake/cmake)\n'}
[0.727345] (dynamic_obstacle_detector_interfaces) StdoutLine: {'line': b'-- Found ament_cmake: 2.5.4 (/opt/ros/jazzy/share/ament_cmake/cmake)\n'}
[0.766546] (merging_pkg) Command: {'cmd': ['/usr/bin/python3', '-W', 'ignore:setup.py install is deprecated', '-W', 'ignore:easy_install command is deprecated', 'setup.py', 'egg_info', '--egg-base', '../../build/merging_pkg', 'build', '--build-base', '/root/ros_workspace/build/merging_pkg/build', 'install', '--record', '/root/ros_workspace/build/merging_pkg/install.log', '--single-version-externally-managed', 'install_data'], 'cwd': '/root/ros_workspace/src/merging_pkg', 'env': {'GZ_SIM_RESOURCE_PATH': '/opt/ros/jazzy/share', 'GZ_CONFIG_PATH': '/opt/ros/jazzy/opt/gz_sim_vendor/share/gz:/opt/ros/jazzy/opt/sdformat_vendor/share/gz:/opt/ros/jazzy/opt/gz_gui_vendor/share/gz:/opt/ros/jazzy/opt/gz_transport_vendor/share/gz:/opt/ros/jazzy/opt/gz_rendering_vendor/share/gz:/opt/ros/jazzy/opt/gz_plugin_vendor/share/gz:/opt/ros/jazzy/opt/gz_fuel_tools_vendor/share/gz:/opt/ros/jazzy/opt/gz_msgs_vendor/share/gz:/opt/ros/jazzy/opt/gz_common_vendor/share/gz', 'HOSTNAME': 'docker-desktop', 'SHLVL': '1', 'LD_LIBRARY_PATH': '/opt/ros/jazzy/opt/gz_sim_vendor/lib:/opt/ros/jazzy/opt/gz_sensors_vendor/lib:/opt/ros/jazzy/opt/gz_physics_vendor/lib:/opt/ros/jazzy/opt/sdformat_vendor/lib:/opt/ros/jazzy/opt/rviz_ogre_vendor/lib:/opt/ros/jazzy/lib/x86_64-linux-gnu:/opt/ros/jazzy/opt/gz_gui_vendor/lib:/opt/ros/jazzy/opt/gz_transport_vendor/lib:/opt/ros/jazzy/opt/gz_rendering_vendor/lib:/opt/ros/jazzy/opt/gz_plugin_vendor/lib:/opt/ros/jazzy/opt/gz_fuel_tools_vendor/lib:/opt/ros/jazzy/opt/gz_msgs_vendor/lib:/opt/ros/jazzy/opt/gz_common_vendor/lib:/opt/ros/jazzy/opt/gz_math_vendor/lib:/opt/ros/jazzy/opt/gz_utils_vendor/lib:/opt/ros/jazzy/opt/gz_tools_vendor/lib:/opt/ros/jazzy/opt/gz_ogre_next_vendor/lib:/opt/ros/jazzy/opt/gz_dartsim_vendor/lib:/opt/ros/jazzy/opt/gz_cmake_vendor/lib:/opt/ros/jazzy/lib', 'HOME': '/root', 'ROS_PYTHON_VERSION': '3', 'ROS_DISTRO': 'jazzy', '_': '/usr/bin/colcon', 'ROS_VERSION': '2', 'TERM': 'xterm', 'PATH': '/opt/ros/jazzy/opt/gz_msgs_vendor/bin:/opt/ros/jazzy/opt/gz_tools_vendor/bin:/opt/ros/jazzy/opt/gz_ogre_next_vendor/bin:/opt/ros/jazzy/bin:/usr/local/sbin:/usr/local/bin:/usr/sbin:/usr/bin:/sbin:/bin', 'DISPLAY': ':0', 'LANG': 'C.UTF-8', 'XAUTHORITY': '', 'LS_COLORS': 'rs=0:di=01;34:ln=01;36:mh=00:pi=40;33:so=01;35:do=01;35:bd=40;33;01:cd=40;33;01:or=40;31;01:mi=00:su=37;41:sg=30;43:ca=00:tw=30;42:ow=34;42:st=37;44:ex=01;32:*.tar=01;31:*.tgz=01;31:*.arc=01;31:*.arj=01;31:*.taz=01;31:*.lha=01;31:*.lz4=01;31:*.lzh=01;31:*.lzma=01;31:*.tlz=01;31:*.txz=01;31:*.tzo=01;31:*.t7z=01;31:*.zip=01;31:*.z=01;31:*.dz=01;31:*.gz=01;31:*.lrz=01;31:*.lz=01;31:*.lzo=01;31:*.xz=01;31:*.zst=01;31:*.tzst=01;31:*.bz2=01;31:*.bz=01;31:*.tbz=01;31:*.tbz2=01;31:*.tz=01;31:*.deb=01;31:*.rpm=01;31:*.jar=01;31:*.war=01;31:*.ear=01;31:*.sar=01;31:*.rar=01;31:*.alz=01;31:*.ace=01;31:*.zoo=01;31:*.cpio=01;31:*.7z=01;31:*.rz=01;31:*.cab=01;31:*.wim=01;31:*.swm=01;31:*.dwm=01;31:*.esd=01;31:*.avif=01;35:*.jpg=01;35:*.jpeg=01;35:*.mjpg=01;35:*.mjpeg=01;35:*.gif=01;35:*.bmp=01;35:*.pbm=01;35:*.pgm=01;35:*.ppm=01;35:*.tga=01;35:*.xbm=01;35:*.xpm=01;35:*.tif=01;35:*.tiff=01;35:*.png=01;35:*.svg=01;35:*.svgz=01;35:*.mng=01;35:*.pcx=01;35:*.mov=01;35:*.mpg=01;35:*.mpeg=01;35:*.m2v=01;35:*.mkv=01;35:*.webm=01;35:*.webp=01;35:*.ogm=01;35:*.mp4=01;35:*.m4v=01;35:*.mp4v=01;35:*.vob=01;35:*.qt=01;35:*.nuv=01;35:*.wmv=01;35:*.asf=01;35:*.rm=01;35:*.rmvb=01;35:*.flc=01;35:*.avi=01;35:*.fli=01;35:*.flv=01;35:*.gl=01;35:*.dl=01;35:*.xcf=01;35:*.xwd=01;35:*.yuv=01;35:*.cgm=01;35:*.emf=01;35:*.ogv=01;35:*.ogx=01;35:*.aac=00;36:*.au=00;36:*.flac=00;36:*.m4a=00;36:*.mid=00;36:*.midi=00;36:*.mka=00;36:*.mp3=00;36:*.mpc=00;36:*.ogg=00;36:*.ra=00;36:*.wav=00;36:*.oga=00;36:*.opus=00;36:*.spx=00;36:*.xspf=00;36:*~=00;90:*#=00;90:*.bak=00;90:*.crdownload=00;90:*.dpkg-dist=00;90:*.dpkg-new=00;90:*.dpkg-old=00;90:*.dpkg-tmp=00;90:*.old=00;90:*.orig=00;90:*.part=00;90:*.rej=00;90:*.rpmnew=00;90:*.rpmorig=00;90:*.rpmsave=00;90:*.swp=00;90:*.tmp=00;90:*.ucf-dist=00;90:*.ucf-new=00;90:*.ucf-old=00;90:', 'AMENT_PREFIX_PATH': '/opt/ros/jazzy', 'ROS_AUTOMATIC_DISCOVERY_RANGE': 'SUBNET', 'PWD': '/root/ros_workspace/build/merging_pkg', 'LC_ALL': 'C.UTF-8', 'PYTHONPATH': '/root/ros_workspace/build/merging_pkg/prefix_override:/usr/lib/python3/dist-packages/colcon_core/task/python/colcon_distutils_commands:/root/ros_workspace/install/merging_pkg/lib/python3.12/site-packages:/opt/ros/jazzy/lib/python3.12/site-packages', 'COLCON': '1', 'CMAKE_PREFIX_PATH': '/opt/ros/jazzy/opt/gz_sim_vendor:/opt/ros/jazzy/opt/gz_sensors_vendor:/opt/ros/jazzy/opt/gz_physics_vendor:/opt/ros/jazzy/opt/sdformat_vendor:/opt/ros/jazzy/opt/gz_gui_vendor:/opt/ros/jazzy/opt/gz_transport_vendor:/opt/ros/jazzy/opt/gz_rendering_vendor:/opt/ros/jazzy/opt/gz_plugin_vendor:/opt/ros/jazzy/opt/gz_fuel_tools_vendor:/opt/ros/jazzy/opt/gz_msgs_vendor:/opt/ros/jazzy/opt/gz_common_vendor:/opt/ros/jazzy/opt/gz_math_vendor:/opt/ros/jazzy/opt/gz_utils_vendor:/opt/ros/jazzy/opt/gz_tools_vendor:/opt/ros/jazzy/opt/gz_ogre_next_vendor:/opt/ros/jazzy/opt/gz_dartsim_vendor:/opt/ros/jazzy/opt/gz_cmake_vendor'}, 'shell': False}
[0.769942] (dynamic_obstacle_detector) Command: {'cmd': ['/usr/bin/python3', '-W', 'ignore:setup.py install is deprecated', '-W', 'ignore:easy_install command is deprecated', 'setup.py', 'egg_info', '--egg-base', '../../build/dynamic_obstacle_detector', 'build', '--build-base', '/root/ros_workspace/build/dynamic_obstacle_detector/build', 'install', '--record', '/root/ros_workspace/build/dynamic_obstacle_detector/install.log', '--single-version-externally-managed', 'install_data'], 'cwd': '/root/ros_workspace/src/dynamic_obstacle_detector', 'env': {'GZ_SIM_RESOURCE_PATH': '/opt/ros/jazzy/share', 'GZ_CONFIG_PATH': '/opt/ros/jazzy/opt/gz_sim_vendor/share/gz:/opt/ros/jazzy/opt/sdformat_vendor/share/gz:/opt/ros/jazzy/opt/gz_gui_vendor/share/gz:/opt/ros/jazzy/opt/gz_transport_vendor/share/gz:/opt/ros/jazzy/opt/gz_rendering_vendor/share/gz:/opt/ros/jazzy/opt/gz_plugin_vendor/share/gz:/opt/ros/jazzy/opt/gz_fuel_tools_vendor/share/gz:/opt/ros/jazzy/opt/gz_msgs_vendor/share/gz:/opt/ros/jazzy/opt/gz_common_vendor/share/gz', 'HOSTNAME': 'docker-desktop', 'SHLVL': '1', 'LD_LIBRARY_PATH': '/opt/ros/jazzy/opt/gz_sim_vendor/lib:/opt/ros/jazzy/opt/gz_sensors_vendor/lib:/opt/ros/jazzy/opt/gz_physics_vendor/lib:/opt/ros/jazzy/opt/sdformat_vendor/lib:/opt/ros/jazzy/opt/rviz_ogre_vendor/lib:/opt/ros/jazzy/lib/x86_64-linux-gnu:/opt/ros/jazzy/opt/gz_gui_vendor/lib:/opt/ros/jazzy/opt/gz_transport_vendor/lib:/opt/ros/jazzy/opt/gz_rendering_vendor/lib:/opt/ros/jazzy/opt/gz_plugin_vendor/lib:/opt/ros/jazzy/opt/gz_fuel_tools_vendor/lib:/opt/ros/jazzy/opt/gz_msgs_vendor/lib:/opt/ros/jazzy/opt/gz_common_vendor/lib:/opt/ros/jazzy/opt/gz_math_vendor/lib:/opt/ros/jazzy/opt/gz_utils_vendor/lib:/opt/ros/jazzy/opt/gz_tools_vendor/lib:/opt/ros/jazzy/opt/gz_ogre_next_vendor/lib:/opt/ros/jazzy/opt/gz_dartsim_vendor/lib:/opt/ros/jazzy/opt/gz_cmake_vendor/lib:/opt/ros/jazzy/lib', 'HOME': '/root', 'ROS_PYTHON_VERSION': '3', 'ROS_DISTRO': 'jazzy', '_': '/usr/bin/colcon', 'ROS_VERSION': '2', 'TERM': 'xterm', 'PATH': '/opt/ros/jazzy/opt/gz_msgs_vendor/bin:/opt/ros/jazzy/opt/gz_tools_vendor/bin:/opt/ros/jazzy/opt/gz_ogre_next_vendor/bin:/opt/ros/jazzy/bin:/usr/local/sbin:/usr/local/bin:/usr/sbin:/usr/bin:/sbin:/bin', 'DISPLAY': ':0', 'LANG': 'C.UTF-8', 'XAUTHORITY': '', 'LS_COLORS': 'rs=0:di=01;34:ln=01;36:mh=00:pi=40;33:so=01;35:do=01;35:bd=40;33;01:cd=40;33;01:or=40;31;01:mi=00:su=37;41:sg=30;43:ca=00:tw=30;42:ow=34;42:st=37;44:ex=01;32:*.tar=01;31:*.tgz=01;31:*.arc=01;31:*.arj=01;31:*.taz=01;31:*.lha=01;31:*.lz4=01;31:*.lzh=01;31:*.lzma=01;31:*.tlz=01;31:*.txz=01;31:*.tzo=01;31:*.t7z=01;31:*.zip=01;31:*.z=01;31:*.dz=01;31:*.gz=01;31:*.lrz=01;31:*.lz=01;31:*.lzo=01;31:*.xz=01;31:*.zst=01;31:*.tzst=01;31:*.bz2=01;31:*.bz=01;31:*.tbz=01;31:*.tbz2=01;31:*.tz=01;31:*.deb=01;31:*.rpm=01;31:*.jar=01;31:*.war=01;31:*.ear=01;31:*.sar=01;31:*.rar=01;31:*.alz=01;31:*.ace=01;31:*.zoo=01;31:*.cpio=01;31:*.7z=01;31:*.rz=01;31:*.cab=01;31:*.wim=01;31:*.swm=01;31:*.dwm=01;31:*.esd=01;31:*.avif=01;35:*.jpg=01;35:*.jpeg=01;35:*.mjpg=01;35:*.mjpeg=01;35:*.gif=01;35:*.bmp=01;35:*.pbm=01;35:*.pgm=01;35:*.ppm=01;35:*.tga=01;35:*.xbm=01;35:*.xpm=01;35:*.tif=01;35:*.tiff=01;35:*.png=01;35:*.svg=01;35:*.svgz=01;35:*.mng=01;35:*.pcx=01;35:*.mov=01;35:*.mpg=01;35:*.mpeg=01;35:*.m2v=01;35:*.mkv=01;35:*.webm=01;35:*.webp=01;35:*.ogm=01;35:*.mp4=01;35:*.m4v=01;35:*.mp4v=01;35:*.vob=01;35:*.qt=01;35:*.nuv=01;35:*.wmv=01;35:*.asf=01;35:*.rm=01;35:*.rmvb=01;35:*.flc=01;35:*.avi=01;35:*.fli=01;35:*.flv=01;35:*.gl=01;35:*.dl=01;35:*.xcf=01;35:*.xwd=01;35:*.yuv=01;35:*.cgm=01;35:*.emf=01;35:*.ogv=01;35:*.ogx=01;35:*.aac=00;36:*.au=00;36:*.flac=00;36:*.m4a=00;36:*.mid=00;36:*.midi=00;36:*.mka=00;36:*.mp3=00;36:*.mpc=00;36:*.ogg=00;36:*.ra=00;36:*.wav=00;36:*.oga=00;36:*.opus=00;36:*.spx=00;36:*.xspf=00;36:*~=00;90:*#=00;90:*.bak=00;90:*.crdownload=00;90:*.dpkg-dist=00;90:*.dpkg-new=00;90:*.dpkg-old=00;90:*.dpkg-tmp=00;90:*.old=00;90:*.orig=00;90:*.part=00;90:*.rej=00;90:*.rpmnew=00;90:*.rpmorig=00;90:*.rpmsave=00;90:*.swp=00;90:*.tmp=00;90:*.ucf-dist=00;90:*.ucf-new=00;90:*.ucf-old=00;90:', 'AMENT_PREFIX_PATH': '/opt/ros/jazzy', 'ROS_AUTOMATIC_DISCOVERY_RANGE': 'SUBNET', 'PWD': '/root/ros_workspace/build/dynamic_obstacle_detector', 'LC_ALL': 'C.UTF-8', 'PYTHONPATH': '/root/ros_workspace/build/dynamic_obstacle_detector/prefix_override:/usr/lib/python3/dist-packages/colcon_core/task/python/colcon_distutils_commands:/root/ros_workspace/install/dynamic_obstacle_detector/lib/python3.12/site-packages:/opt/ros/jazzy/lib/python3.12/site-packages', 'COLCON': '1', 'CMAKE_PREFIX_PATH': '/opt/ros/jazzy/opt/gz_sim_vendor:/opt/ros/jazzy/opt/gz_sensors_vendor:/opt/ros/jazzy/opt/gz_physics_vendor:/opt/ros/jazzy/opt/sdformat_vendor:/opt/ros/jazzy/opt/gz_gui_vendor:/opt/ros/jazzy/opt/gz_transport_vendor:/opt/ros/jazzy/opt/gz_rendering_vendor:/opt/ros/jazzy/opt/gz_plugin_vendor:/opt/ros/jazzy/opt/gz_fuel_tools_vendor:/opt/ros/jazzy/opt/gz_msgs_vendor:/opt/ros/jazzy/opt/gz_common_vendor:/opt/ros/jazzy/opt/gz_math_vendor:/opt/ros/jazzy/opt/gz_utils_vendor:/opt/ros/jazzy/opt/gz_tools_vendor:/opt/ros/jazzy/opt/gz_ogre_next_vendor:/opt/ros/jazzy/opt/gz_dartsim_vendor:/opt/ros/jazzy/opt/gz_cmake_vendor'}, 'shell': False}
[0.802205] (-) TimerEvent: {}
[0.856448] (turtlebot3_gazebo) StdoutLine: {'line': b'-- Found Python3: /usr/bin/python3 (found version "3.12.3") found components: Interpreter \n'}
[0.856626] (dynamic_obstacle_detector_interfaces) StdoutLine: {'line': b'-- Found Python3: /usr/bin/python3 (found version "3.12.3") found components: Interpreter \n'}
[0.902354] (-) TimerEvent: {}
[0.910198] (merging_pkg) StdoutLine: {'line': b'running egg_info\n'}
[0.910453] (merging_pkg) StdoutLine: {'line': b'creating ../../build/merging_pkg/merging_pkg.egg-info\n'}
[0.913173] (dynamic_obstacle_detector) StdoutLine: {'line': b'running egg_info\n'}
[0.913929] (dynamic_obstacle_detector) StdoutLine: {'line': b'creating ../../build/dynamic_obstacle_detector/dynamic_obstacle_detector.egg-info\n'}
[0.920052] (merging_pkg) StdoutLine: {'line': b'writing ../../build/merging_pkg/merging_pkg.egg-info/PKG-INFO\n'}
[0.920373] (merging_pkg) StdoutLine: {'line': b'writing dependency_links to ../../build/merging_pkg/merging_pkg.egg-info/dependency_links.txt\n'}
[0.920583] (merging_pkg) StdoutLine: {'line': b'writing entry points to ../../build/merging_pkg/merging_pkg.egg-info/entry_points.txt\n'}
[0.920670] (merging_pkg) StdoutLine: {'line': b'writing requirements to ../../build/merging_pkg/merging_pkg.egg-info/requires.txt\n'}
[0.920768] (merging_pkg) StdoutLine: {'line': b'writing top-level names to ../../build/merging_pkg/merging_pkg.egg-info/top_level.txt\n'}
[0.921008] (merging_pkg) StdoutLine: {'line': b"writing manifest file '../../build/merging_pkg/merging_pkg.egg-info/SOURCES.txt'\n"}
[0.923868] (dynamic_obstacle_detector) StdoutLine: {'line': b'writing ../../build/dynamic_obstacle_detector/dynamic_obstacle_detector.egg-info/PKG-INFO\n'}
[0.924094] (dynamic_obstacle_detector) StdoutLine: {'line': b'writing dependency_links to ../../build/dynamic_obstacle_detector/dynamic_obstacle_detector.egg-info/dependency_links.txt\n'}
[0.924227] (dynamic_obstacle_detector) StdoutLine: {'line': b'writing entry points to ../../build/dynamic_obstacle_detector/dynamic_obstacle_detector.egg-info/entry_points.txt\n'}
[0.924391] (dynamic_obstacle_detector) StdoutLine: {'line': b'writing requirements to ../../build/dynamic_obstacle_detector/dynamic_obstacle_detector.egg-info/requires.txt\n'}
[0.924446] (dynamic_obstacle_detector) StdoutLine: {'line': b'writing top-level names to ../../build/dynamic_obstacle_detector/dynamic_obstacle_detector.egg-info/top_level.txt\n'}
[0.924576] (dynamic_obstacle_detector) StdoutLine: {'line': b"writing manifest file '../../build/dynamic_obstacle_detector/dynamic_obstacle_detector.egg-info/SOURCES.txt'\n"}
[0.939029] (merging_pkg) StdoutLine: {'line': b"reading manifest file '../../build/merging_pkg/merging_pkg.egg-info/SOURCES.txt'\n"}
[0.939386] (merging_pkg) StdoutLine: {'line': b"writing manifest file '../../build/merging_pkg/merging_pkg.egg-info/SOURCES.txt'\n"}
[0.939724] (merging_pkg) StdoutLine: {'line': b'running build\n'}
[0.939846] (merging_pkg) StdoutLine: {'line': b'running build_py\n'}
[0.939946] (merging_pkg) StdoutLine: {'line': b'creating /root/ros_workspace/build/merging_pkg/build\n'}
[0.940015] (merging_pkg) StdoutLine: {'line': b'creating /root/ros_workspace/build/merging_pkg/build/lib\n'}
[0.940093] (merging_pkg) StdoutLine: {'line': b'creating /root/ros_workspace/build/merging_pkg/build/lib/merging_pkg\n'}
[0.940311] (merging_pkg) StdoutLine: {'line': b'copying merging_pkg/robust_map_merger.py -> /root/ros_workspace/build/merging_pkg/build/lib/merging_pkg\n'}
[0.940476] (merging_pkg) StdoutLine: {'line': b'copying merging_pkg/__init__.py -> /root/ros_workspace/build/merging_pkg/build/lib/merging_pkg\n'}
[0.940662] (merging_pkg) StdoutLine: {'line': b'copying merging_pkg/robot_laser_filter.py -> /root/ros_workspace/build/merging_pkg/build/lib/merging_pkg\n'}
[0.940971] (merging_pkg) StdoutLine: {'line': b'running install\n'}
[0.942300] (dynamic_obstacle_detector) StdoutLine: {'line': b"reading manifest file '../../build/dynamic_obstacle_detector/dynamic_obstacle_detector.egg-info/SOURCES.txt'\n"}
[0.942715] (dynamic_obstacle_detector) StdoutLine: {'line': b"writing manifest file '../../build/dynamic_obstacle_detector/dynamic_obstacle_detector.egg-info/SOURCES.txt'\n"}
[0.942879] (dynamic_obstacle_detector) StdoutLine: {'line': b'running build\n'}
[0.942950] (dynamic_obstacle_detector) StdoutLine: {'line': b'running build_py\n'}
[0.943052] (dynamic_obstacle_detector) StdoutLine: {'line': b'creating /root/ros_workspace/build/dynamic_obstacle_detector/build\n'}
[0.943177] (dynamic_obstacle_detector) StdoutLine: {'line': b'creating /root/ros_workspace/build/dynamic_obstacle_detector/build/lib\n'}
[0.943290] (dynamic_obstacle_detector) StdoutLine: {'line': b'creating /root/ros_workspace/build/dynamic_obstacle_detector/build/lib/dynamic_obstacle_detector\n'}
[0.943505] (dynamic_obstacle_detector) StdoutLine: {'line': b'copying dynamic_obstacle_detector/obstacle_detector_node.py -> /root/ros_workspace/build/dynamic_obstacle_detector/build/lib/dynamic_obstacle_detector\n'}
[0.943678] (dynamic_obstacle_detector) StdoutLine: {'line': b'copying dynamic_obstacle_detector/__init__.py -> /root/ros_workspace/build/dynamic_obstacle_detector/build/lib/dynamic_obstacle_detector\n'}
[0.943852] (dynamic_obstacle_detector) StdoutLine: {'line': b'running install\n'}
[0.944912] (merging_pkg) StdoutLine: {'line': b'running install_lib\n'}
[0.948026] (dynamic_obstacle_detector) StdoutLine: {'line': b'running install_lib\n'}
[0.953018] (merging_pkg) StdoutLine: {'line': b'creating /root/ros_workspace/install/merging_pkg/lib/python3.12/site-packages/merging_pkg\n'}
[0.953172] (merging_pkg) StdoutLine: {'line': b'copying /root/ros_workspace/build/merging_pkg/build/lib/merging_pkg/robust_map_merger.py -> /root/ros_workspace/install/merging_pkg/lib/python3.12/site-packages/merging_pkg\n'}
[0.953338] (merging_pkg) StdoutLine: {'line': b'copying /root/ros_workspace/build/merging_pkg/build/lib/merging_pkg/__init__.py -> /root/ros_workspace/install/merging_pkg/lib/python3.12/site-packages/merging_pkg\n'}
[0.953387] (merging_pkg) StdoutLine: {'line': b'copying /root/ros_workspace/build/merging_pkg/build/lib/merging_pkg/robot_laser_filter.py -> /root/ros_workspace/install/merging_pkg/lib/python3.12/site-packages/merging_pkg\n'}
[0.953804] (merging_pkg) StdoutLine: {'line': b'byte-compiling /root/ros_workspace/install/merging_pkg/lib/python3.12/site-packages/merging_pkg/robust_map_merger.py to robust_map_merger.cpython-312.pyc\n'}
[0.956284] (dynamic_obstacle_detector) StdoutLine: {'line': b'creating /root/ros_workspace/install/dynamic_obstacle_detector/lib/python3.12/site-packages/dynamic_obstacle_detector\n'}
[0.956416] (dynamic_obstacle_detector) StdoutLine: {'line': b'copying /root/ros_workspace/build/dynamic_obstacle_detector/build/lib/dynamic_obstacle_detector/obstacle_detector_node.py -> /root/ros_workspace/install/dynamic_obstacle_detector/lib/python3.12/site-packages/dynamic_obstacle_detector\n'}
[0.956557] (dynamic_obstacle_detector) StdoutLine: {'line': b'copying /root/ros_workspace/build/dynamic_obstacle_detector/build/lib/dynamic_obstacle_detector/__init__.py -> /root/ros_workspace/install/dynamic_obstacle_detector/lib/python3.12/site-packages/dynamic_obstacle_detector\n'}
[0.956682] (merging_pkg) StdoutLine: {'line': b'byte-compiling /root/ros_workspace/install/merging_pkg/lib/python3.12/site-packages/merging_pkg/__init__.py to __init__.cpython-312.pyc\n'}
[0.956823] (merging_pkg) StdoutLine: {'line': b'byte-compiling /root/ros_workspace/install/merging_pkg/lib/python3.12/site-packages/merging_pkg/robot_laser_filter.py to robot_laser_filter.cpython-312.pyc\n'}
[0.956938] (dynamic_obstacle_detector) StdoutLine: {'line': b'byte-compiling /root/ros_workspace/install/dynamic_obstacle_detector/lib/python3.12/site-packages/dynamic_obstacle_detector/obstacle_detector_node.py to obstacle_detector_node.cpython-312.pyc\n'}
[0.958580] (merging_pkg) StdoutLine: {'line': b'running install_data\n'}
[0.958649] (merging_pkg) StdoutLine: {'line': b'creating /root/ros_workspace/install/merging_pkg/share/ament_index\n'}
[0.958760] (merging_pkg) StdoutLine: {'line': b'creating /root/ros_workspace/install/merging_pkg/share/ament_index/resource_index\n'}
[0.958875] (merging_pkg) StdoutLine: {'line': b'creating /root/ros_workspace/install/merging_pkg/share/ament_index/resource_index/packages\n'}
[0.958969] (merging_pkg) StdoutLine: {'line': b'copying resource/merging_pkg -> /root/ros_workspace/install/merging_pkg/share/ament_index/resource_index/packages\n'}
[0.959054] (merging_pkg) StdoutLine: {'line': b'copying package.xml -> /root/ros_workspace/install/merging_pkg/share/merging_pkg\n'}
[0.959132] (merging_pkg) StdoutLine: {'line': b'creating /root/ros_workspace/install/merging_pkg/share/merging_pkg/launch\n'}
[0.959289] (merging_pkg) StdoutLine: {'line': b'copying launch/laser_filters.launch.py -> /root/ros_workspace/install/merging_pkg/share/merging_pkg/launch\n'}
[0.959363] (merging_pkg) StdoutLine: {'line': b'copying launch/map_merging.launch.py -> /root/ros_workspace/install/merging_pkg/share/merging_pkg/launch\n'}
[0.959479] (merging_pkg) StdoutLine: {'line': b'running install_egg_info\n'}
[0.961398] (dynamic_obstacle_detector) StdoutLine: {'line': b'byte-compiling /root/ros_workspace/install/dynamic_obstacle_detector/lib/python3.12/site-packages/dynamic_obstacle_detector/__init__.py to __init__.cpython-312.pyc\n'}
[0.961563] (dynamic_obstacle_detector) StdoutLine: {'line': b'running install_data\n'}
[0.961737] (dynamic_obstacle_detector) StdoutLine: {'line': b'creating /root/ros_workspace/install/dynamic_obstacle_detector/share/ament_index\n'}
[0.961905] (dynamic_obstacle_detector) StdoutLine: {'line': b'creating /root/ros_workspace/install/dynamic_obstacle_detector/share/ament_index/resource_index\n'}
[0.962058] (dynamic_obstacle_detector) StdoutLine: {'line': b'creating /root/ros_workspace/install/dynamic_obstacle_detector/share/ament_index/resource_index/packages\n'}
[0.962207] (dynamic_obstacle_detector) StdoutLine: {'line': b'copying resource/dynamic_obstacle_detector -> /root/ros_workspace/install/dynamic_obstacle_detector/share/ament_index/resource_index/packages\n'}
[0.962369] (dynamic_obstacle_detector) StdoutLine: {'line': b'copying package.xml -> /root/ros_workspace/install/dynamic_obstacle_detector/share/dynamic_obstacle_detector\n'}
[0.962566] (dynamic_obstacle_detector) StdoutLine: {'line': b'creating /root/ros_workspace/install/dynamic_obstacle_detector/share/dynamic_obstacle_detector/launch\n'}
[0.962724] (dynamic_obstacle_detector) StdoutLine: {'line': b'running install_egg_info\n'}
[0.968539] (merging_pkg) StdoutLine: {'line': b'Copying ../../build/merging_pkg/merging_pkg.egg-info to /root/ros_workspace/install/merging_pkg/lib/python3.12/site-packages/merging_pkg-0.0.0-py3.12.egg-info\n'}
[0.969139] (merging_pkg) StdoutLine: {'line': b'running install_scripts\n'}
[0.972576] (dynamic_obstacle_detector) StdoutLine: {'line': b'Copying ../../build/dynamic_obstacle_detector/dynamic_obstacle_detector.egg-info to /root/ros_workspace/install/dynamic_obstacle_detector/lib/python3.12/site-packages/dynamic_obstacle_detector-0.0.1-py3.12.egg-info\n'}
[0.973160] (dynamic_obstacle_detector) StdoutLine: {'line': b'running install_scripts\n'}
[0.996366] (dynamic_obstacle_detector_interfaces) StdoutLine: {'line': b'-- Found rosidl_default_generators: 1.6.0 (/opt/ros/jazzy/share/rosidl_default_generators/cmake)\n'}
[0.997365] (turtlebot3_gazebo) StdoutLine: {'line': b'-- Found ros_gz_sim: 1.0.16 (/opt/ros/jazzy/share/ros_gz_sim/cmake)\n'}
[1.002516] (-) TimerEvent: {}
[1.005996] (dynamic_obstacle_detector_interfaces) StdoutLine: {'line': b'-- Using all available rosidl_typesupport_c: rosidl_typesupport_fastrtps_c;rosidl_typesupport_introspection_c\n'}
[1.035265] (merging_pkg) StdoutLine: {'line': b'Installing merger_node script to /root/ros_workspace/install/merging_pkg/lib/merging_pkg\n'}
[1.035533] (merging_pkg) StdoutLine: {'line': b'Installing robot_laser_filter script to /root/ros_workspace/install/merging_pkg/lib/merging_pkg\n'}
[1.035855] (merging_pkg) StdoutLine: {'line': b"writing list of installed files to '/root/ros_workspace/build/merging_pkg/install.log'\n"}
[1.040358] (dynamic_obstacle_detector) StdoutLine: {'line': b'Installing obstacle_detector_node script to /root/ros_workspace/install/dynamic_obstacle_detector/lib/dynamic_obstacle_detector\n'}
[1.040696] (dynamic_obstacle_detector) StdoutLine: {'line': b"writing list of installed files to '/root/ros_workspace/build/dynamic_obstacle_detector/install.log'\n"}
[1.056312] (merging_pkg) CommandEnded: {'returncode': 0}
[1.064127] (turtlebot3_gazebo) StdoutLine: {'line': b'-- Found rosidl_generator_c: 4.6.6 (/opt/ros/jazzy/share/rosidl_generator_c/cmake)\n'}
[1.070486] (merging_pkg) JobEnded: {'identifier': 'merging_pkg', 'rc': 0}
[1.071990] (dynamic_obstacle_detector) CommandEnded: {'returncode': 0}
[1.075541] (dynamic_obstacle_detector) JobEnded: {'identifier': 'dynamic_obstacle_detector', 'rc': 0}
[1.076450] (multi_robot_bringup) JobStarted: {'identifier': 'multi_robot_bringup'}
[1.077393] (dynamic_obstacle_detector_interfaces) StdoutLine: {'line': b'-- Using all available rosidl_typesupport_cpp: rosidl_typesupport_fastrtps_cpp;rosidl_typesupport_introspection_cpp\n'}
[1.080724] (slam_multi_robot) JobStarted: {'identifier': 'slam_multi_robot'}
[1.081124] (turtlebot3_gazebo) StdoutLine: {'line': b'-- Found rosidl_generator_cpp: 4.6.6 (/opt/ros/jazzy/share/rosidl_generator_cpp/cmake)\n'}
[1.102644] (-) TimerEvent: {}
[1.109563] (turtlebot3_gazebo) StdoutLine: {'line': b'-- Using all available rosidl_typesupport_c: rosidl_typesupport_fastrtps_c;rosidl_typesupport_introspection_c\n'}
[1.127384] (turtlebot3_gazebo) StdoutLine: {'line': b'-- Using all available rosidl_typesupport_cpp: rosidl_typesupport_fastrtps_cpp;rosidl_typesupport_introspection_cpp\n'}
[1.141952] (dynamic_obstacle_detector_interfaces) StdoutLine: {'line': b'-- Found rosidl_adapter: 4.6.6 (/opt/ros/jazzy/share/rosidl_adapter/cmake)\n'}
[1.147605] (dynamic_obstacle_detector_interfaces) StdoutLine: {'line': b'-- Found geometry_msgs: 5.3.6 (/opt/ros/jazzy/share/geometry_msgs/cmake)\n'}
[1.203523] (-) TimerEvent: {}
[1.229847] (turtlebot3_gazebo) StdoutLine: {'line': b'-- Found rmw_implementation_cmake: 7.3.2 (/opt/ros/jazzy/share/rmw_implementation_cmake/cmake)\n'}
[1.235660] (turtlebot3_gazebo) StdoutLine: {'line': b'-- Found rmw_fastrtps_cpp: 8.4.3 (/opt/ros/jazzy/share/rmw_fastrtps_cpp/cmake)\n'}
[1.303701] (-) TimerEvent: {}
[1.342847] (turtlebot3_gazebo) StdoutLine: {'line': b'-- Found OpenSSL: /usr/lib/x86_64-linux-gnu/libcrypto.so (found version "3.0.13")  \n'}
[1.361964] (turtlebot3_gazebo) StdoutLine: {'line': b'-- Found FastRTPS: /opt/ros/jazzy/include (Required is at least version "2.13") \n'}
[1.380407] (turtlebot3_gazebo) StdoutLine: {'line': b"-- Using RMW implementation 'rmw_fastrtps_cpp' as default\n"}
[1.404334] (-) TimerEvent: {}
[1.504651] (-) TimerEvent: {}
[1.605147] (-) TimerEvent: {}
[1.655261] (slam_multi_robot) Command: {'cmd': ['/usr/bin/python3', '-W', 'ignore:setup.py install is deprecated', '-W', 'ignore:easy_install command is deprecated', 'setup.py', 'egg_info', '--egg-base', '../../build/slam_multi_robot', 'build', '--build-base', '/root/ros_workspace/build/slam_multi_robot/build', 'install', '--record', '/root/ros_workspace/build/slam_multi_robot/install.log', '--single-version-externally-managed', 'install_data'], 'cwd': '/root/ros_workspace/src/slam_multi_robot', 'env': {'GZ_SIM_RESOURCE_PATH': '/opt/ros/jazzy/share', 'GZ_CONFIG_PATH': '/opt/ros/jazzy/opt/gz_sim_vendor/share/gz:/opt/ros/jazzy/opt/sdformat_vendor/share/gz:/opt/ros/jazzy/opt/gz_gui_vendor/share/gz:/opt/ros/jazzy/opt/gz_transport_vendor/share/gz:/opt/ros/jazzy/opt/gz_rendering_vendor/share/gz:/opt/ros/jazzy/opt/gz_plugin_vendor/share/gz:/opt/ros/jazzy/opt/gz_fuel_tools_vendor/share/gz:/opt/ros/jazzy/opt/gz_msgs_vendor/share/gz:/opt/ros/jazzy/opt/gz_common_vendor/share/gz', 'HOSTNAME': 'docker-desktop', 'SHLVL': '1', 'LD_LIBRARY_PATH': '/opt/ros/jazzy/opt/gz_sim_vendor/lib:/opt/ros/jazzy/opt/gz_sensors_vendor/lib:/opt/ros/jazzy/opt/gz_physics_vendor/lib:/opt/ros/jazzy/opt/sdformat_vendor/lib:/opt/ros/jazzy/opt/rviz_ogre_vendor/lib:/opt/ros/jazzy/lib/x86_64-linux-gnu:/opt/ros/jazzy/opt/gz_gui_vendor/lib:/opt/ros/jazzy/opt/gz_transport_vendor/lib:/opt/ros/jazzy/opt/gz_rendering_vendor/lib:/opt/ros/jazzy/opt/gz_plugin_vendor/lib:/opt/ros/jazzy/opt/gz_fuel_tools_vendor/lib:/opt/ros/jazzy/opt/gz_msgs_vendor/lib:/opt/ros/jazzy/opt/gz_common_vendor/lib:/opt/ros/jazzy/opt/gz_math_vendor/lib:/opt/ros/jazzy/opt/gz_utils_vendor/lib:/opt/ros/jazzy/opt/gz_tools_vendor/lib:/opt/ros/jazzy/opt/gz_ogre_next_vendor/lib:/opt/ros/jazzy/opt/gz_dartsim_vendor/lib:/opt/ros/jazzy/opt/gz_cmake_vendor/lib:/opt/ros/jazzy/lib', 'HOME': '/root', 'ROS_PYTHON_VERSION': '3', 'ROS_DISTRO': 'jazzy', '_': '/usr/bin/colcon', 'ROS_VERSION': '2', 'TERM': 'xterm', 'PATH': '/opt/ros/jazzy/opt/gz_msgs_vendor/bin:/opt/ros/jazzy/opt/gz_tools_vendor/bin:/opt/ros/jazzy/opt/gz_ogre_next_vendor/bin:/opt/ros/jazzy/bin:/usr/local/sbin:/usr/local/bin:/usr/sbin:/usr/bin:/sbin:/bin', 'DISPLAY': ':0', 'LANG': 'C.UTF-8', 'XAUTHORITY': '', 'LS_COLORS': 'rs=0:di=01;34:ln=01;36:mh=00:pi=40;33:so=01;35:do=01;35:bd=40;33;01:cd=40;33;01:or=40;31;01:mi=00:su=37;41:sg=30;43:ca=00:tw=30;42:ow=34;42:st=37;44:ex=01;32:*.tar=01;31:*.tgz=01;31:*.arc=01;31:*.arj=01;31:*.taz=01;31:*.lha=01;31:*.lz4=01;31:*.lzh=01;31:*.lzma=01;31:*.tlz=01;31:*.txz=01;31:*.tzo=01;31:*.t7z=01;31:*.zip=01;31:*.z=01;31:*.dz=01;31:*.gz=01;31:*.lrz=01;31:*.lz=01;31:*.lzo=01;31:*.xz=01;31:*.zst=01;31:*.tzst=01;31:*.bz2=01;31:*.bz=01;31:*.tbz=01;31:*.tbz2=01;31:*.tz=01;31:*.deb=01;31:*.rpm=01;31:*.jar=01;31:*.war=01;31:*.ear=01;31:*.sar=01;31:*.rar=01;31:*.alz=01;31:*.ace=01;31:*.zoo=01;31:*.cpio=01;31:*.7z=01;31:*.rz=01;31:*.cab=01;31:*.wim=01;31:*.swm=01;31:*.dwm=01;31:*.esd=01;31:*.avif=01;35:*.jpg=01;35:*.jpeg=01;35:*.mjpg=01;35:*.mjpeg=01;35:*.gif=01;35:*.bmp=01;35:*.pbm=01;35:*.pgm=01;35:*.ppm=01;35:*.tga=01;35:*.xbm=01;35:*.xpm=01;35:*.tif=01;35:*.tiff=01;35:*.png=01;35:*.svg=01;35:*.svgz=01;35:*.mng=01;35:*.pcx=01;35:*.mov=01;35:*.mpg=01;35:*.mpeg=01;35:*.m2v=01;35:*.mkv=01;35:*.webm=01;35:*.webp=01;35:*.ogm=01;35:*.mp4=01;35:*.m4v=01;35:*.mp4v=01;35:*.vob=01;35:*.qt=01;35:*.nuv=01;35:*.wmv=01;35:*.asf=01;35:*.rm=01;35:*.rmvb=01;35:*.flc=01;35:*.avi=01;35:*.fli=01;35:*.flv=01;35:*.gl=01;35:*.dl=01;35:*.xcf=01;35:*.xwd=01;35:*.yuv=01;35:*.cgm=01;35:*.emf=01;35:*.ogv=01;35:*.ogx=01;35:*.aac=00;36:*.au=00;36:*.flac=00;36:*.m4a=00;36:*.mid=00;36:*.midi=00;36:*.mka=00;36:*.mp3=00;36:*.mpc=00;36:*.ogg=00;36:*.ra=00;36:*.wav=00;36:*.oga=00;36:*.opus=00;36:*.spx=00;36:*.xspf=00;36:*~=00;90:*#=00;90:*.bak=00;90:*.crdownload=00;90:*.dpkg-dist=00;90:*.dpkg-new=00;90:*.dpkg-old=00;90:*.dpkg-tmp=00;90:*.old=00;90:*.orig=00;90:*.part=00;90:*.rej=00;90:*.rpmnew=00;90:*.rpmorig=00;90:*.rpmsave=00;90:*.swp=00;90:*.tmp=00;90:*.ucf-dist=00;90:*.ucf-new=00;90:*.ucf-old=00;90:', 'AMENT_PREFIX_PATH': '/root/ros_workspace/install/dynamic_obstacle_detector:/opt/ros/jazzy', 'ROS_AUTOMATIC_DISCOVERY_RANGE': 'SUBNET', 'PWD': '/root/ros_workspace/build/slam_multi_robot', 'LC_ALL': 'C.UTF-8', 'PYTHONPATH': '/root/ros_workspace/build/slam_multi_robot/prefix_override:/usr/lib/python3/dist-packages/colcon_core/task/python/colcon_distutils_commands:/root/ros_workspace/install/slam_multi_robot/lib/python3.12/site-packages:/root/ros_workspace/install/dynamic_obstacle_detector/lib/python3.12/site-packages:/opt/ros/jazzy/lib/python3.12/site-packages', 'COLCON': '1', 'CMAKE_PREFIX_PATH': '/opt/ros/jazzy/opt/gz_sim_vendor:/opt/ros/jazzy/opt/gz_sensors_vendor:/opt/ros/jazzy/opt/gz_physics_vendor:/opt/ros/jazzy/opt/sdformat_vendor:/opt/ros/jazzy/opt/gz_gui_vendor:/opt/ros/jazzy/opt/gz_transport_vendor:/opt/ros/jazzy/opt/gz_rendering_vendor:/opt/ros/jazzy/opt/gz_plugin_vendor:/opt/ros/jazzy/opt/gz_fuel_tools_vendor:/opt/ros/jazzy/opt/gz_msgs_vendor:/opt/ros/jazzy/opt/gz_common_vendor:/opt/ros/jazzy/opt/gz_math_vendor:/opt/ros/jazzy/opt/gz_utils_vendor:/opt/ros/jazzy/opt/gz_tools_vendor:/opt/ros/jazzy/opt/gz_ogre_next_vendor:/opt/ros/jazzy/opt/gz_dartsim_vendor:/opt/ros/jazzy/opt/gz_cmake_vendor'}, 'shell': False}
[1.657443] (multi_robot_bringup) Command: {'cmd': ['/usr/bin/python3', '-W', 'ignore:setup.py install is deprecated', '-W', 'ignore:easy_install command is deprecated', 'setup.py', 'egg_info', '--egg-base', '../../build/multi_robot_bringup', 'build', '--build-base', '/root/ros_workspace/build/multi_robot_bringup/build', 'install', '--record', '/root/ros_workspace/build/multi_robot_bringup/install.log', '--single-version-externally-managed', 'install_data'], 'cwd': '/root/ros_workspace/src/multi_robot_bringup', 'env': {'GZ_SIM_RESOURCE_PATH': '/opt/ros/jazzy/share', 'GZ_CONFIG_PATH': '/opt/ros/jazzy/opt/gz_sim_vendor/share/gz:/opt/ros/jazzy/opt/sdformat_vendor/share/gz:/opt/ros/jazzy/opt/gz_gui_vendor/share/gz:/opt/ros/jazzy/opt/gz_transport_vendor/share/gz:/opt/ros/jazzy/opt/gz_rendering_vendor/share/gz:/opt/ros/jazzy/opt/gz_plugin_vendor/share/gz:/opt/ros/jazzy/opt/gz_fuel_tools_vendor/share/gz:/opt/ros/jazzy/opt/gz_msgs_vendor/share/gz:/opt/ros/jazzy/opt/gz_common_vendor/share/gz', 'HOSTNAME': 'docker-desktop', 'SHLVL': '1', 'LD_LIBRARY_PATH': '/opt/ros/jazzy/opt/gz_sim_vendor/lib:/opt/ros/jazzy/opt/gz_sensors_vendor/lib:/opt/ros/jazzy/opt/gz_physics_vendor/lib:/opt/ros/jazzy/opt/sdformat_vendor/lib:/opt/ros/jazzy/opt/rviz_ogre_vendor/lib:/opt/ros/jazzy/lib/x86_64-linux-gnu:/opt/ros/jazzy/opt/gz_gui_vendor/lib:/opt/ros/jazzy/opt/gz_transport_vendor/lib:/opt/ros/jazzy/opt/gz_rendering_vendor/lib:/opt/ros/jazzy/opt/gz_plugin_vendor/lib:/opt/ros/jazzy/opt/gz_fuel_tools_vendor/lib:/opt/ros/jazzy/opt/gz_msgs_vendor/lib:/opt/ros/jazzy/opt/gz_common_vendor/lib:/opt/ros/jazzy/opt/gz_math_vendor/lib:/opt/ros/jazzy/opt/gz_utils_vendor/lib:/opt/ros/jazzy/opt/gz_tools_vendor/lib:/opt/ros/jazzy/opt/gz_ogre_next_vendor/lib:/opt/ros/jazzy/opt/gz_dartsim_vendor/lib:/opt/ros/jazzy/opt/gz_cmake_vendor/lib:/opt/ros/jazzy/lib', 'HOME': '/root', 'ROS_PYTHON_VERSION': '3', 'ROS_DISTRO': 'jazzy', '_': '/usr/bin/colcon', 'ROS_VERSION': '2', 'TERM': 'xterm', 'PATH': '/opt/ros/jazzy/opt/gz_msgs_vendor/bin:/opt/ros/jazzy/opt/gz_tools_vendor/bin:/opt/ros/jazzy/opt/gz_ogre_next_vendor/bin:/opt/ros/jazzy/bin:/usr/local/sbin:/usr/local/bin:/usr/sbin:/usr/bin:/sbin:/bin', 'DISPLAY': ':0', 'LANG': 'C.UTF-8', 'XAUTHORITY': '', 'LS_COLORS': 'rs=0:di=01;34:ln=01;36:mh=00:pi=40;33:so=01;35:do=01;35:bd=40;33;01:cd=40;33;01:or=40;31;01:mi=00:su=37;41:sg=30;43:ca=00:tw=30;42:ow=34;42:st=37;44:ex=01;32:*.tar=01;31:*.tgz=01;31:*.arc=01;31:*.arj=01;31:*.taz=01;31:*.lha=01;31:*.lz4=01;31:*.lzh=01;31:*.lzma=01;31:*.tlz=01;31:*.txz=01;31:*.tzo=01;31:*.t7z=01;31:*.zip=01;31:*.z=01;31:*.dz=01;31:*.gz=01;31:*.lrz=01;31:*.lz=01;31:*.lzo=01;31:*.xz=01;31:*.zst=01;31:*.tzst=01;31:*.bz2=01;31:*.bz=01;31:*.tbz=01;31:*.tbz2=01;31:*.tz=01;31:*.deb=01;31:*.rpm=01;31:*.jar=01;31:*.war=01;31:*.ear=01;31:*.sar=01;31:*.rar=01;31:*.alz=01;31:*.ace=01;31:*.zoo=01;31:*.cpio=01;31:*.7z=01;31:*.rz=01;31:*.cab=01;31:*.wim=01;31:*.swm=01;31:*.dwm=01;31:*.esd=01;31:*.avif=01;35:*.jpg=01;35:*.jpeg=01;35:*.mjpg=01;35:*.mjpeg=01;35:*.gif=01;35:*.bmp=01;35:*.pbm=01;35:*.pgm=01;35:*.ppm=01;35:*.tga=01;35:*.xbm=01;35:*.xpm=01;35:*.tif=01;35:*.tiff=01;35:*.png=01;35:*.svg=01;35:*.svgz=01;35:*.mng=01;35:*.pcx=01;35:*.mov=01;35:*.mpg=01;35:*.mpeg=01;35:*.m2v=01;35:*.mkv=01;35:*.webm=01;35:*.webp=01;35:*.ogm=01;35:*.mp4=01;35:*.m4v=01;35:*.mp4v=01;35:*.vob=01;35:*.qt=01;35:*.nuv=01;35:*.wmv=01;35:*.asf=01;35:*.rm=01;35:*.rmvb=01;35:*.flc=01;35:*.avi=01;35:*.fli=01;35:*.flv=01;35:*.gl=01;35:*.dl=01;35:*.xcf=01;35:*.xwd=01;35:*.yuv=01;35:*.cgm=01;35:*.emf=01;35:*.ogv=01;35:*.ogx=01;35:*.aac=00;36:*.au=00;36:*.flac=00;36:*.m4a=00;36:*.mid=00;36:*.midi=00;36:*.mka=00;36:*.mp3=00;36:*.mpc=00;36:*.ogg=00;36:*.ra=00;36:*.wav=00;36:*.oga=00;36:*.opus=00;36:*.spx=00;36:*.xspf=00;36:*~=00;90:*#=00;90:*.bak=00;90:*.crdownload=00;90:*.dpkg-dist=00;90:*.dpkg-new=00;90:*.dpkg-old=00;90:*.dpkg-tmp=00;90:*.old=00;90:*.orig=00;90:*.part=00;90:*.rej=00;90:*.rpmnew=00;90:*.rpmorig=00;90:*.rpmsave=00;90:*.swp=00;90:*.tmp=00;90:*.ucf-dist=00;90:*.ucf-new=00;90:*.ucf-old=00;90:', 'AMENT_PREFIX_PATH': '/root/ros_workspace/install/dynamic_obstacle_detector:/opt/ros/jazzy', 'ROS_AUTOMATIC_DISCOVERY_RANGE': 'SUBNET', 'PWD': '/root/ros_workspace/build/multi_robot_bringup', 'LC_ALL': 'C.UTF-8', 'PYTHONPATH': '/root/ros_workspace/build/multi_robot_bringup/prefix_override:/usr/lib/python3/dist-packages/colcon_core/task/python/colcon_distutils_commands:/root/ros_workspace/install/multi_robot_bringup/lib/python3.12/site-packages:/root/ros_workspace/install/dynamic_obstacle_detector/lib/python3.12/site-packages:/opt/ros/jazzy/lib/python3.12/site-packages', 'COLCON': '1', 'CMAKE_PREFIX_PATH': '/opt/ros/jazzy/opt/gz_sim_vendor:/opt/ros/jazzy/opt/gz_sensors_vendor:/opt/ros/jazzy/opt/gz_physics_vendor:/opt/ros/jazzy/opt/sdformat_vendor:/opt/ros/jazzy/opt/gz_gui_vendor:/opt/ros/jazzy/opt/gz_transport_vendor:/opt/ros/jazzy/opt/gz_rendering_vendor:/opt/ros/jazzy/opt/gz_plugin_vendor:/opt/ros/jazzy/opt/gz_fuel_tools_vendor:/opt/ros/jazzy/opt/gz_msgs_vendor:/opt/ros/jazzy/opt/gz_common_vendor:/opt/ros/jazzy/opt/gz_math_vendor:/opt/ros/jazzy/opt/gz_utils_vendor:/opt/ros/jazzy/opt/gz_tools_vendor:/opt/ros/jazzy/opt/gz_ogre_next_vendor:/opt/ros/jazzy/opt/gz_dartsim_vendor:/opt/ros/jazzy/opt/gz_cmake_vendor'}, 'shell': False}
[1.660785] (dynamic_obstacle_detector_interfaces) StdoutLine: {'line': b'-- Found ament_cmake_ros: 0.12.0 (/opt/ros/jazzy/share/ament_cmake_ros/cmake)\n'}
[1.678334] (turtlebot3_gazebo) StdoutLine: {'line': b'-- Found nav_msgs: 5.3.6 (/opt/ros/jazzy/share/nav_msgs/cmake)\n'}
[1.705371] (-) TimerEvent: {}
[1.707264] (turtlebot3_gazebo) StdoutLine: {'line': b'-- Found sensor_msgs: 5.3.6 (/opt/ros/jazzy/share/sensor_msgs/cmake)\n'}
[1.738688] (turtlebot3_gazebo) StdoutLine: {'line': b'-- Found gz_math_vendor: 0.0.8 (/opt/ros/jazzy/share/gz_math_vendor/cmake)\n'}
[1.754070] (turtlebot3_gazebo) StdoutLine: {'line': b'-- Looking for gz-math7 -- found version 7.5.2\n'}
[1.769573] (turtlebot3_gazebo) StdoutLine: {'line': b'-- Searching for dependencies of gz-math7\n'}
[1.772039] (turtlebot3_gazebo) StdoutLine: {'line': b'-- Looking for gz-utils2 -- found version 2.2.1\n'}
[1.772215] (turtlebot3_gazebo) StdoutLine: {'line': b'-- Searching for dependencies of gz-utils2\n'}
[1.777937] (turtlebot3_gazebo) StdoutLine: {'line': b'-- Found gz_sim_vendor: 0.0.8 (/opt/ros/jazzy/share/gz_sim_vendor/cmake)\n'}
[1.804556] (slam_multi_robot) StdoutLine: {'line': b'running egg_info\n'}
[1.804803] (slam_multi_robot) StdoutLine: {'line': b'creating ../../build/slam_multi_robot/slam_multi_robot.egg-info\n'}
[1.805472] (-) TimerEvent: {}
[1.806121] (multi_robot_bringup) StdoutLine: {'line': b'running egg_info\n'}
[1.806446] (multi_robot_bringup) StdoutLine: {'line': b'creating ../../build/multi_robot_bringup/multi_robot_bringup.egg-info\n'}
[1.813789] (slam_multi_robot) StdoutLine: {'line': b'writing ../../build/slam_multi_robot/slam_multi_robot.egg-info/PKG-INFO\n'}
[1.813891] (slam_multi_robot) StdoutLine: {'line': b'writing dependency_links to ../../build/slam_multi_robot/slam_multi_robot.egg-info/dependency_links.txt\n'}
[1.814106] (slam_multi_robot) StdoutLine: {'line': b'writing requirements to ../../build/slam_multi_robot/slam_multi_robot.egg-info/requires.txt\n'}
[1.814209] (slam_multi_robot) StdoutLine: {'line': b'writing top-level names to ../../build/slam_multi_robot/slam_multi_robot.egg-info/top_level.txt\n'}
[1.814250] (slam_multi_robot) StdoutLine: {'line': b"writing manifest file '../../build/slam_multi_robot/slam_multi_robot.egg-info/SOURCES.txt'\n"}
[1.814530] (multi_robot_bringup) StdoutLine: {'line': b'writing ../../build/multi_robot_bringup/multi_robot_bringup.egg-info/PKG-INFO\n'}
[1.814710] (multi_robot_bringup) StdoutLine: {'line': b'writing dependency_links to ../../build/multi_robot_bringup/multi_robot_bringup.egg-info/dependency_links.txt\n'}
[1.814847] (multi_robot_bringup) StdoutLine: {'line': b'writing requirements to ../../build/multi_robot_bringup/multi_robot_bringup.egg-info/requires.txt\n'}
[1.815041] (multi_robot_bringup) StdoutLine: {'line': b'writing top-level names to ../../build/multi_robot_bringup/multi_robot_bringup.egg-info/top_level.txt\n'}
[1.815117] (multi_robot_bringup) StdoutLine: {'line': b"writing manifest file '../../build/multi_robot_bringup/multi_robot_bringup.egg-info/SOURCES.txt'\n"}
[1.833432] (slam_multi_robot) StdoutLine: {'line': b"reading manifest file '../../build/slam_multi_robot/slam_multi_robot.egg-info/SOURCES.txt'\n"}
[1.834074] (slam_multi_robot) StdoutLine: {'line': b"writing manifest file '../../build/slam_multi_robot/slam_multi_robot.egg-info/SOURCES.txt'\n"}
[1.834298] (slam_multi_robot) StdoutLine: {'line': b'running build\n'}
[1.834376] (slam_multi_robot) StdoutLine: {'line': b'running build_py\n'}
[1.834414] (slam_multi_robot) StdoutLine: {'line': b'creating /root/ros_workspace/build/slam_multi_robot/build\n'}
[1.834526] (slam_multi_robot) StdoutLine: {'line': b'creating /root/ros_workspace/build/slam_multi_robot/build/lib\n'}
[1.834703] (slam_multi_robot) StdoutLine: {'line': b'creating /root/ros_workspace/build/slam_multi_robot/build/lib/multi_robot_scripts\n'}
[1.835029] (slam_multi_robot) StdoutLine: {'line': b'copying multi_robot_scripts/__init__.py -> /root/ros_workspace/build/slam_multi_robot/build/lib/multi_robot_scripts\n'}
[1.835086] (slam_multi_robot) StdoutLine: {'line': b'copying multi_robot_scripts/utils.py -> /root/ros_workspace/build/slam_multi_robot/build/lib/multi_robot_scripts\n'}
[1.835126] (multi_robot_bringup) StdoutLine: {'line': b"reading manifest file '../../build/multi_robot_bringup/multi_robot_bringup.egg-info/SOURCES.txt'\n"}
[1.835246] (slam_multi_robot) StdoutLine: {'line': b'creating /root/ros_workspace/build/slam_multi_robot/build/lib/slam_multi_robot\n'}
[1.835451] (slam_multi_robot) StdoutLine: {'line': b'copying slam_multi_robot/__init__.py -> /root/ros_workspace/build/slam_multi_robot/build/lib/slam_multi_robot\n'}
[1.835804] (multi_robot_bringup) StdoutLine: {'line': b"writing manifest file '../../build/multi_robot_bringup/multi_robot_bringup.egg-info/SOURCES.txt'\n"}
[1.835859] (slam_multi_robot) StdoutLine: {'line': b'running install\n'}
[1.835942] (multi_robot_bringup) StdoutLine: {'line': b'running build\n'}
[1.836026] (multi_robot_bringup) StdoutLine: {'line': b'running build_py\n'}
[1.836122] (multi_robot_bringup) StdoutLine: {'line': b'creating /root/ros_workspace/build/multi_robot_bringup/build\n'}
[1.836308] (multi_robot_bringup) StdoutLine: {'line': b'creating /root/ros_workspace/build/multi_robot_bringup/build/lib\n'}
[1.836492] (multi_robot_bringup) StdoutLine: {'line': b'creating /root/ros_workspace/build/multi_robot_bringup/build/lib/multi_robot_scripts\n'}
[1.836607] (multi_robot_bringup) StdoutLine: {'line': b'copying multi_robot_scripts/__init__.py -> /root/ros_workspace/build/multi_robot_bringup/build/lib/multi_robot_scripts\n'}
[1.836692] (multi_robot_bringup) StdoutLine: {'line': b'copying multi_robot_scripts/utils.py -> /root/ros_workspace/build/multi_robot_bringup/build/lib/multi_robot_scripts\n'}
[1.836786] (multi_robot_bringup) StdoutLine: {'line': b'creating /root/ros_workspace/build/multi_robot_bringup/build/lib/multi_robot_bringup\n'}
[1.836936] (multi_robot_bringup) StdoutLine: {'line': b'copying multi_robot_bringup/__init__.py -> /root/ros_workspace/build/multi_robot_bringup/build/lib/multi_robot_bringup\n'}
[1.836981] (multi_robot_bringup) StdoutLine: {'line': b'running install\n'}
[1.839648] (slam_multi_robot) StdoutLine: {'line': b'running install_lib\n'}
[1.840663] (multi_robot_bringup) StdoutLine: {'line': b'running install_lib\n'}
[1.848604] (slam_multi_robot) StdoutLine: {'line': b'creating /root/ros_workspace/install/slam_multi_robot/lib/python3.12/site-packages/multi_robot_scripts\n'}
[1.849123] (slam_multi_robot) StdoutLine: {'line': b'copying /root/ros_workspace/build/slam_multi_robot/build/lib/multi_robot_scripts/__init__.py -> /root/ros_workspace/install/slam_multi_robot/lib/python3.12/site-packages/multi_robot_scripts\n'}
[1.849389] (slam_multi_robot) StdoutLine: {'line': b'copying /root/ros_workspace/build/slam_multi_robot/build/lib/multi_robot_scripts/utils.py -> /root/ros_workspace/install/slam_multi_robot/lib/python3.12/site-packages/multi_robot_scripts\n'}
[1.849807] (multi_robot_bringup) StdoutLine: {'line': b'creating /root/ros_workspace/install/multi_robot_bringup/lib/python3.12/site-packages/multi_robot_scripts\n'}
[1.850032] (multi_robot_bringup) StdoutLine: {'line': b'copying /root/ros_workspace/build/multi_robot_bringup/build/lib/multi_robot_scripts/__init__.py -> /root/ros_workspace/install/multi_robot_bringup/lib/python3.12/site-packages/multi_robot_scripts\n'}
[1.850115] (multi_robot_bringup) StdoutLine: {'line': b'copying /root/ros_workspace/build/multi_robot_bringup/build/lib/multi_robot_scripts/utils.py -> /root/ros_workspace/install/multi_robot_bringup/lib/python3.12/site-packages/multi_robot_scripts\n'}
[1.850438] (slam_multi_robot) StdoutLine: {'line': b'creating /root/ros_workspace/install/slam_multi_robot/lib/python3.12/site-packages/slam_multi_robot\n'}
[1.850517] (slam_multi_robot) StdoutLine: {'line': b'copying /root/ros_workspace/build/slam_multi_robot/build/lib/slam_multi_robot/__init__.py -> /root/ros_workspace/install/slam_multi_robot/lib/python3.12/site-packages/slam_multi_robot\n'}
[1.850554] (multi_robot_bringup) StdoutLine: {'line': b'creating /root/ros_workspace/install/multi_robot_bringup/lib/python3.12/site-packages/multi_robot_bringup\n'}
[1.850587] (multi_robot_bringup) StdoutLine: {'line': b'copying /root/ros_workspace/build/multi_robot_bringup/build/lib/multi_robot_bringup/__init__.py -> /root/ros_workspace/install/multi_robot_bringup/lib/python3.12/site-packages/multi_robot_bringup\n'}
[1.850619] (slam_multi_robot) StdoutLine: {'line': b'byte-compiling /root/ros_workspace/install/slam_multi_robot/lib/python3.12/site-packages/multi_robot_scripts/__init__.py to __init__.cpython-312.pyc\n'}
[1.850652] (slam_multi_robot) StdoutLine: {'line': b'byte-compiling /root/ros_workspace/install/slam_multi_robot/lib/python3.12/site-packages/multi_robot_scripts/utils.py to utils.cpython-312.pyc\n'}
[1.850785] (multi_robot_bringup) StdoutLine: {'line': b'byte-compiling /root/ros_workspace/install/multi_robot_bringup/lib/python3.12/site-packages/multi_robot_scripts/__init__.py to __init__.cpython-312.pyc\n'}
[1.851041] (multi_robot_bringup) StdoutLine: {'line': b'byte-compiling /root/ros_workspace/install/multi_robot_bringup/lib/python3.12/site-packages/multi_robot_scripts/utils.py to utils.cpython-312.pyc\n'}
[1.851734] (slam_multi_robot) StdoutLine: {'line': b'byte-compiling /root/ros_workspace/install/slam_multi_robot/lib/python3.12/site-packages/slam_multi_robot/__init__.py to __init__.cpython-312.pyc\n'}
[1.852052] (multi_robot_bringup) StdoutLine: {'line': b'byte-compiling /root/ros_workspace/install/multi_robot_bringup/lib/python3.12/site-packages/multi_robot_bringup/__init__.py to __init__.cpython-312.pyc\n'}
[1.852163] (slam_multi_robot) StdoutLine: {'line': b'running install_data\n'}
[1.852525] (slam_multi_robot) StdoutLine: {'line': b'creating /root/ros_workspace/install/slam_multi_robot/share/ament_index\n'}
[1.852833] (multi_robot_bringup) StdoutLine: {'line': b'running install_data\n'}
[1.853031] (slam_multi_robot) StdoutLine: {'line': b'creating /root/ros_workspace/install/slam_multi_robot/share/ament_index/resource_index\n'}
[1.853116] (multi_robot_bringup) StdoutLine: {'line': b'creating /root/ros_workspace/install/multi_robot_bringup/share/ament_index\n'}
[1.853260] (multi_robot_bringup) StdoutLine: {'line': b'creating /root/ros_workspace/install/multi_robot_bringup/share/ament_index/resource_index\n'}
[1.853674] (slam_multi_robot) StdoutLine: {'line': b'creating /root/ros_workspace/install/slam_multi_robot/share/ament_index/resource_index/packages\n'}
[1.853740] (slam_multi_robot) StdoutLine: {'line': b'copying resource/slam_multi_robot -> /root/ros_workspace/install/slam_multi_robot/share/ament_index/resource_index/packages\n'}
[1.853996] (slam_multi_robot) StdoutLine: {'line': b'copying package.xml -> /root/ros_workspace/install/slam_multi_robot/share/slam_multi_robot\n'}
[1.854104] (slam_multi_robot) StdoutLine: {'line': b'creating /root/ros_workspace/install/slam_multi_robot/share/slam_multi_robot/launch\n'}
[1.854321] (multi_robot_bringup) StdoutLine: {'line': b'creating /root/ros_workspace/install/multi_robot_bringup/share/ament_index/resource_index/packages\n'}
[1.854454] (multi_robot_bringup) StdoutLine: {'line': b'copying resource/multi_robot_bringup -> /root/ros_workspace/install/multi_robot_bringup/share/ament_index/resource_index/packages\n'}
[1.854496] (multi_robot_bringup) StdoutLine: {'line': b'copying package.xml -> /root/ros_workspace/install/multi_robot_bringup/share/multi_robot_bringup\n'}
[1.854615] (multi_robot_bringup) StdoutLine: {'line': b'creating /root/ros_workspace/install/multi_robot_bringup/share/multi_robot_bringup/launch\n'}
[1.854713] (slam_multi_robot) StdoutLine: {'line': b'copying launch/navigation.launch.py -> /root/ros_workspace/install/slam_multi_robot/share/slam_multi_robot/launch\n'}
[1.854755] (multi_robot_bringup) StdoutLine: {'line': b'copying launch/tb3_world.launch.py -> /root/ros_workspace/install/multi_robot_bringup/share/multi_robot_bringup/launch\n'}
[1.854826] (multi_robot_bringup) StdoutLine: {'line': b'copying launch/tb3_nav2.launch.py -> /root/ros_workspace/install/multi_robot_bringup/share/multi_robot_bringup/launch\n'}
[1.854866] (multi_robot_bringup) StdoutLine: {'line': b'creating /root/ros_workspace/install/multi_robot_bringup/share/multi_robot_bringup/params\n'}
[1.854967] (multi_robot_bringup) StdoutLine: {'line': b'copying params/burger_nav2_params.yaml -> /root/ros_workspace/install/multi_robot_bringup/share/multi_robot_bringup/params\n'}
[1.855069] (slam_multi_robot) StdoutLine: {'line': b'copying launch/general_bringup.launch.py -> /root/ros_workspace/install/slam_multi_robot/share/slam_multi_robot/launch\n'}
[1.855165] (slam_multi_robot) StdoutLine: {'line': b'copying launch/gazebo_world.launch.py -> /root/ros_workspace/install/slam_multi_robot/share/slam_multi_robot/launch\n'}
[1.855265] (slam_multi_robot) StdoutLine: {'line': b'copying launch/static_transform.launch.py -> /root/ros_workspace/install/slam_multi_robot/share/slam_multi_robot/launch\n'}
[1.855361] (slam_multi_robot) StdoutLine: {'line': b'copying launch/slam_bringup.launch.py -> /root/ros_workspace/install/slam_multi_robot/share/slam_multi_robot/launch\n'}
[1.855402] (slam_multi_robot) StdoutLine: {'line': b'creating /root/ros_workspace/install/slam_multi_robot/share/slam_multi_robot/params\n'}
[1.855438] (slam_multi_robot) StdoutLine: {'line': b'copying params/params_nav2.yaml -> /root/ros_workspace/install/slam_multi_robot/share/slam_multi_robot/params\n'}
[1.855536] (slam_multi_robot) StdoutLine: {'line': b'copying params/slam_params.yaml -> /root/ros_workspace/install/slam_multi_robot/share/slam_multi_robot/params\n'}
[1.855633] (slam_multi_robot) StdoutLine: {'line': b'creating /root/ros_workspace/install/slam_multi_robot/share/slam_multi_robot/rviz\n'}
[1.855728] (multi_robot_bringup) StdoutLine: {'line': b'creating /root/ros_workspace/install/multi_robot_bringup/share/multi_robot_bringup/rviz\n'}
[1.855768] (slam_multi_robot) StdoutLine: {'line': b'copying rviz/tb3_navigation2.rviz -> /root/ros_workspace/install/slam_multi_robot/share/slam_multi_robot/rviz\n'}
[1.855806] (multi_robot_bringup) StdoutLine: {'line': b'copying rviz/tb3_navigation2.rviz -> /root/ros_workspace/install/multi_robot_bringup/share/multi_robot_bringup/rviz\n'}
[1.855889] (slam_multi_robot) StdoutLine: {'line': b'creating /root/ros_workspace/install/slam_multi_robot/share/slam_multi_robot/config\n'}
[1.855976] (slam_multi_robot) StdoutLine: {'line': b'copying config/gz_bridge.yaml -> /root/ros_workspace/install/slam_multi_robot/share/slam_multi_robot/config\n'}
[1.856080] (multi_robot_bringup) StdoutLine: {'line': b'creating /root/ros_workspace/install/multi_robot_bringup/share/multi_robot_bringup/config\n'}
[1.856167] (multi_robot_bringup) StdoutLine: {'line': b'copying config/robots.yaml -> /root/ros_workspace/install/multi_robot_bringup/share/multi_robot_bringup/config\n'}
[1.856270] (multi_robot_bringup) StdoutLine: {'line': b'creating /root/ros_workspace/install/multi_robot_bringup/share/multi_robot_bringup/map\n'}
[1.856370] (multi_robot_bringup) StdoutLine: {'line': b'copying map/map.yaml -> /root/ros_workspace/install/multi_robot_bringup/share/multi_robot_bringup/map\n'}
[1.856472] (slam_multi_robot) StdoutLine: {'line': b'creating /root/ros_workspace/install/slam_multi_robot/share/slam_multi_robot/map\n'}
[1.856568] (slam_multi_robot) StdoutLine: {'line': b'creating /root/ros_workspace/install/slam_multi_robot/share/slam_multi_robot/launch/nav2_custom\n'}
[1.856665] (slam_multi_robot) StdoutLine: {'line': b'running install_egg_info\n'}
[1.856840] (multi_robot_bringup) StdoutLine: {'line': b'copying map/map2.yaml -> /root/ros_workspace/install/multi_robot_bringup/share/multi_robot_bringup/map\n'}
[1.856952] (multi_robot_bringup) StdoutLine: {'line': b'copying map/map2.pgm -> /root/ros_workspace/install/multi_robot_bringup/share/multi_robot_bringup/map\n'}
[1.856999] (multi_robot_bringup) StdoutLine: {'line': b'copying map/map.pgm -> /root/ros_workspace/install/multi_robot_bringup/share/multi_robot_bringup/map\n'}
[1.857033] (multi_robot_bringup) StdoutLine: {'line': b'creating /root/ros_workspace/install/multi_robot_bringup/share/multi_robot_bringup/launch/nav2_custom\n'}
[1.857065] (multi_robot_bringup) StdoutLine: {'line': b'running install_egg_info\n'}
[1.864089] (slam_multi_robot) StdoutLine: {'line': b'Copying ../../build/slam_multi_robot/slam_multi_robot.egg-info to /root/ros_workspace/install/slam_multi_robot/lib/python3.12/site-packages/slam_multi_robot-0.0.0-py3.12.egg-info\n'}
[1.864666] (slam_multi_robot) StdoutLine: {'line': b'running install_scripts\n'}
[1.866009] (multi_robot_bringup) StdoutLine: {'line': b'Copying ../../build/multi_robot_bringup/multi_robot_bringup.egg-info to /root/ros_workspace/install/multi_robot_bringup/lib/python3.12/site-packages/multi_robot_bringup-0.0.0-py3.12.egg-info\n'}
[1.866407] (multi_robot_bringup) StdoutLine: {'line': b'running install_scripts\n'}
[1.868114] (turtlebot3_gazebo) StdoutLine: {'line': b'-- Looking for gz-sim8 -- found version 8.9.0\n'}
[1.868512] (turtlebot3_gazebo) StdoutLine: {'line': b'-- Searching for dependencies of gz-sim8\n'}
[1.870655] (turtlebot3_gazebo) StdoutLine: {'line': b'-- Looking for sdformat14 -- found version 14.8.0\n'}
[1.871015] (turtlebot3_gazebo) StdoutLine: {'line': b'-- Searching for dependencies of sdformat14\n'}
[1.875637] (turtlebot3_gazebo) StdoutLine: {'line': b"-- Checking for module 'tinyxml2'\n"}
[1.890385] (turtlebot3_gazebo) StdoutLine: {'line': b'--   Found tinyxml2, version 10.0.0\n'}
[1.905723] (-) TimerEvent: {}
[1.919113] (turtlebot3_gazebo) StdoutLine: {'line': b'-- Looking for gz-math7 -- found version 7.5.2\n'}
[1.919463] (turtlebot3_gazebo) StdoutLine: {'line': b'-- Looking for gz-utils2 -- found version 2.2.1\n'}
[1.919671] (turtlebot3_gazebo) StdoutLine: {'line': b'-- Searching for dependencies of gz-utils2\n'}
[1.919722] (turtlebot3_gazebo) StdoutLine: {'line': b'-- Searching for <gz-utils2> component [cli]\n'}
[1.922931] (turtlebot3_gazebo) StdoutLine: {'line': b'-- Looking for gz-utils2-cli -- found version 2.2.1\n'}
[1.923090] (turtlebot3_gazebo) StdoutLine: {'line': b'-- Searching for dependencies of gz-utils2-cli\n'}
[1.928247] (turtlebot3_gazebo) StdoutLine: {'line': b'-- Looking for gz-plugin2 -- found version 2.0.4\n'}
[1.928540] (turtlebot3_gazebo) StdoutLine: {'line': b'-- Searching for dependencies of gz-plugin2\n'}
[1.928766] (turtlebot3_gazebo) StdoutLine: {'line': b'-- Looking for gz-utils2 -- found version 2.2.1\n'}
[1.930012] (turtlebot3_gazebo) StdoutLine: {'line': b'-- Searching for <gz-plugin2> component [loader]\n'}
[1.932962] (turtlebot3_gazebo) StdoutLine: {'line': b'-- Looking for gz-plugin2-loader -- found version 2.0.4\n'}
[1.933040] (turtlebot3_gazebo) StdoutLine: {'line': b'-- Searching for dependencies of gz-plugin2-loader\n'}
[1.933942] (turtlebot3_gazebo) StdoutLine: {'line': b'-- Searching for <gz-plugin2> component [register]\n'}
[1.935438] (slam_multi_robot) StdoutLine: {'line': b"writing list of installed files to '/root/ros_workspace/build/slam_multi_robot/install.log'\n"}
[1.935533] (multi_robot_bringup) StdoutLine: {'line': b"writing list of installed files to '/root/ros_workspace/build/multi_robot_bringup/install.log'\n"}
[1.936852] (turtlebot3_gazebo) StdoutLine: {'line': b'-- Looking for gz-plugin2-register -- found version 2.0.4\n'}
[1.937144] (turtlebot3_gazebo) StdoutLine: {'line': b'-- Searching for dependencies of gz-plugin2-register\n'}
[1.941298] (turtlebot3_gazebo) StdoutLine: {'line': b'-- Looking for gz-transport13 -- found version 13.4.1\n'}
[1.941532] (turtlebot3_gazebo) StdoutLine: {'line': b'-- Searching for dependencies of gz-transport13\n'}
[1.962884] (slam_multi_robot) CommandEnded: {'returncode': 0}
[1.967237] (slam_multi_robot) JobEnded: {'identifier': 'slam_multi_robot', 'rc': 0}
[1.967764] (multi_robot_bringup) CommandEnded: {'returncode': 0}
[1.971547] (multi_robot_bringup) JobEnded: {'identifier': 'multi_robot_bringup', 'rc': 0}
[2.005839] (-) TimerEvent: {}
[2.036795] (dynamic_obstacle_detector_interfaces) StdoutLine: {'line': b'-- Using all available rosidl_typesupport_c: rosidl_typesupport_fastrtps_c;rosidl_typesupport_introspection_c\n'}
[2.075162] (turtlebot3_gazebo) StdoutLine: {'line': b'-- Found Protobuf: /usr/lib/x86_64-linux-gnu/libprotobuf.so (found version "3.21.12") \n'}
[2.086963] (turtlebot3_gazebo) StdoutLine: {'line': b'-- Config-file not installed for ZeroMQ -- checking for pkg-config\n'}
[2.090258] (turtlebot3_gazebo) StdoutLine: {'line': b"-- Checking for module 'libzmq >= 4'\n"}
[2.102360] (turtlebot3_gazebo) StdoutLine: {'line': b'--   Found libzmq, version 4.3.5\n'}
[2.105941] (-) TimerEvent: {}
[2.140090] (turtlebot3_gazebo) StdoutLine: {'line': b'-- Found ZeroMQ: TRUE (Required is at least version "4") \n'}
[2.145891] (turtlebot3_gazebo) StdoutLine: {'line': b"-- Checking for module 'uuid'\n"}
[2.157391] (turtlebot3_gazebo) StdoutLine: {'line': b'--   Found uuid, version 2.39.3\n'}
[2.181042] (turtlebot3_gazebo) StdoutLine: {'line': b'-- Found UUID: TRUE  \n'}
[2.181388] (turtlebot3_gazebo) StdoutLine: {'line': b'-- Looking for gz-utils2 -- found version 2.2.1\n'}
[2.184579] (turtlebot3_gazebo) StdoutLine: {'line': b'-- Looking for gz-msgs10 -- found version 10.3.2\n'}
[2.184741] (turtlebot3_gazebo) StdoutLine: {'line': b'-- Searching for dependencies of gz-msgs10\n'}
[2.201570] (turtlebot3_gazebo) StdoutLine: {'line': b'-- Looking for gz-utils2 -- found version 2.2.1\n'}
[2.201812] (turtlebot3_gazebo) StdoutLine: {'line': b'-- Looking for gz-math7 -- found version 7.5.2\n'}
[2.206180] (-) TimerEvent: {}
[2.211225] (turtlebot3_gazebo) StdoutLine: {'line': b'-- Searching for <gz-transport13> component [log]\n'}
[2.213500] (turtlebot3_gazebo) StdoutLine: {'line': b'-- Looking for gz-transport13-log -- found version 13.4.1\n'}
[2.213754] (turtlebot3_gazebo) StdoutLine: {'line': b'-- Searching for dependencies of gz-transport13-log\n'}
[2.214609] (turtlebot3_gazebo) StdoutLine: {'line': b'-- Searching for <gz-transport13> component [parameters]\n'}
[2.217195] (turtlebot3_gazebo) StdoutLine: {'line': b'-- Looking for gz-transport13-parameters -- found version 13.4.1\n'}
[2.217387] (turtlebot3_gazebo) StdoutLine: {'line': b'-- Searching for dependencies of gz-transport13-parameters\n'}
[2.218742] (turtlebot3_gazebo) StdoutLine: {'line': b'-- Looking for gz-msgs10 -- found version 10.3.2\n'}
[2.222332] (turtlebot3_gazebo) StdoutLine: {'line': b'-- Looking for gz-common5 -- found version 5.7.1\n'}
[2.222774] (turtlebot3_gazebo) StdoutLine: {'line': b'-- Searching for dependencies of gz-common5\n'}
[2.223081] (turtlebot3_gazebo) StdoutLine: {'line': b'-- Looking for gz-utils2 -- found version 2.2.1\n'}
[2.224093] (turtlebot3_gazebo) StdoutLine: {'line': b'-- Looking for dlfcn.h - found\n'}
[2.224887] (turtlebot3_gazebo) StdoutLine: {'line': b'-- Looking for libdl - found\n'}
[2.226035] (turtlebot3_gazebo) StdoutLine: {'line': b'-- Found DL: TRUE  \n'}
[2.232362] (turtlebot3_gazebo) StdoutLine: {'line': b'-- Searching for <gz-common5> component [av]\n'}
[2.235397] (turtlebot3_gazebo) StdoutLine: {'line': b'-- Looking for gz-common5-av -- found version 5.7.1\n'}
[2.235543] (turtlebot3_gazebo) StdoutLine: {'line': b'-- Searching for dependencies of gz-common5-av\n'}
[2.240021] (turtlebot3_gazebo) StdoutLine: {'line': b"-- Checking for module 'libswscale'\n"}
[2.252566] (turtlebot3_gazebo) StdoutLine: {'line': b'--   Found libswscale, version 7.5.100\n'}
[2.278233] (turtlebot3_gazebo) StdoutLine: {'line': b'-- Found SWSCALE: TRUE  \n'}
[2.282394] (turtlebot3_gazebo) StdoutLine: {'line': b"-- Checking for module 'libavdevice >= 56.4.100'\n"}
[2.293850] (turtlebot3_gazebo) StdoutLine: {'line': b'--   Found libavdevice, version 60.3.100\n'}
[2.306324] (-) TimerEvent: {}
[2.330788] (turtlebot3_gazebo) StdoutLine: {'line': b'-- Found AVDEVICE: TRUE (Required is at least version "56.4.100") \n'}
[2.334795] (turtlebot3_gazebo) StdoutLine: {'line': b"-- Checking for module 'libavformat'\n"}
[2.345924] (turtlebot3_gazebo) StdoutLine: {'line': b'--   Found libavformat, version 60.16.100\n'}
[2.373218] (turtlebot3_gazebo) StdoutLine: {'line': b'-- Found AVFORMAT: TRUE  \n'}
[2.377433] (turtlebot3_gazebo) StdoutLine: {'line': b"-- Checking for module 'libavcodec'\n"}
[2.388724] (turtlebot3_gazebo) StdoutLine: {'line': b'--   Found libavcodec, version 60.31.102\n'}
[2.406479] (-) TimerEvent: {}
[2.414607] (turtlebot3_gazebo) StdoutLine: {'line': b'-- Found AVCODEC: TRUE  \n'}
[2.419698] (turtlebot3_gazebo) StdoutLine: {'line': b"-- Checking for module 'libavutil'\n"}
[2.432248] (turtlebot3_gazebo) StdoutLine: {'line': b'--   Found libavutil, version 58.29.100\n'}
[2.458629] (turtlebot3_gazebo) StdoutLine: {'line': b'-- Found AVUTIL: TRUE  \n'}
[2.460228] (turtlebot3_gazebo) StdoutLine: {'line': b'-- Searching for <gz-common5> component [events]\n'}
[2.463169] (turtlebot3_gazebo) StdoutLine: {'line': b'-- Looking for gz-common5-events -- found version 5.7.1\n'}
[2.463347] (turtlebot3_gazebo) StdoutLine: {'line': b'-- Searching for dependencies of gz-common5-events\n'}
[2.463595] (turtlebot3_gazebo) StdoutLine: {'line': b'-- Looking for gz-math7 -- found version 7.5.2\n'}
[2.464612] (turtlebot3_gazebo) StdoutLine: {'line': b'-- Searching for <gz-common5> component [graphics]\n'}
[2.467676] (turtlebot3_gazebo) StdoutLine: {'line': b'-- Looking for gz-common5-graphics -- found version 5.7.1\n'}
[2.467829] (turtlebot3_gazebo) StdoutLine: {'line': b'-- Searching for dependencies of gz-common5-graphics\n'}
[2.468079] (turtlebot3_gazebo) StdoutLine: {'line': b'-- Looking for gz-math7 -- found version 7.5.2\n'}
[2.474905] (turtlebot3_gazebo) StdoutLine: {'line': b'-- Found GzAssimp: TRUE (found version "5.3.0") \n'}
[2.475826] (turtlebot3_gazebo) StdoutLine: {'line': b'-- Searching for <gz-common5> component [io]\n'}
[2.479000] (turtlebot3_gazebo) StdoutLine: {'line': b'-- Looking for gz-common5-io -- found version 5.7.1\n'}
[2.479303] (turtlebot3_gazebo) StdoutLine: {'line': b'-- Searching for dependencies of gz-common5-io\n'}
[2.480276] (turtlebot3_gazebo) StdoutLine: {'line': b'-- Searching for <gz-common5> component [profiler]\n'}
[2.483108] (turtlebot3_gazebo) StdoutLine: {'line': b'-- Looking for gz-common5-profiler -- found version 5.7.1\n'}
[2.483261] (turtlebot3_gazebo) StdoutLine: {'line': b'-- Searching for dependencies of gz-common5-profiler\n'}
[2.487231] (turtlebot3_gazebo) StdoutLine: {'line': b'-- Looking for gz-fuel_tools9 -- found version 9.1.1\n'}
[2.487364] (turtlebot3_gazebo) StdoutLine: {'line': b'-- Searching for dependencies of gz-fuel_tools9\n'}
[2.502168] (dynamic_obstacle_detector_interfaces) StdoutLine: {'line': b'-- Using all available rosidl_typesupport_cpp: rosidl_typesupport_fastrtps_cpp;rosidl_typesupport_introspection_cpp\n'}
[2.506643] (dynamic_obstacle_detector_interfaces) StdoutLine: {'line': b'-- Found python_cmake_module: 0.11.1 (/opt/ros/jazzy/share/python_cmake_module/cmake)\n'}
[2.506742] (-) TimerEvent: {}
[2.554643] (turtlebot3_gazebo) StdoutLine: {'line': b'-- Found CURL: /usr/lib/x86_64-linux-gnu/libcurl.so (found version "8.5.0")  \n'}
[2.565187] (turtlebot3_gazebo) StdoutLine: {'line': b"-- Checking for module 'jsoncpp'\n"}
[2.576957] (turtlebot3_gazebo) StdoutLine: {'line': b'--   Found jsoncpp, version 1.9.5\n'}
[2.600522] (dynamic_obstacle_detector_interfaces) StdoutLine: {'line': b'-- Found PythonExtra: /usr/bin/python3  \n'}
[2.602336] (turtlebot3_gazebo) StdoutLine: {'line': b'-- Found JSONCPP: TRUE  \n'}
[2.606920] (-) TimerEvent: {}
[2.618820] (turtlebot3_gazebo) StdoutLine: {'line': b"-- Checking for module 'yaml-0.1'\n"}
[2.631116] (turtlebot3_gazebo) StdoutLine: {'line': b'--   Found yaml-0.1, version 0.2.5\n'}
[2.655402] (turtlebot3_gazebo) StdoutLine: {'line': b'-- Found YAML: TRUE  \n'}
[2.659483] (turtlebot3_gazebo) StdoutLine: {'line': b"-- Checking for module 'libzip'\n"}
[2.670852] (turtlebot3_gazebo) StdoutLine: {'line': b'--   Found libzip, version 1.7.3\n'}
[2.694852] (turtlebot3_gazebo) StdoutLine: {'line': b'-- Found ZIP: TRUE  \n'}
[2.695075] (turtlebot3_gazebo) StdoutLine: {'line': b'-- Looking for gz-utils2 -- found version 2.2.1\n'}
[2.695434] (turtlebot3_gazebo) StdoutLine: {'line': b'-- Looking for gz-common5 -- found version 5.7.1\n'}
[2.695546] (turtlebot3_gazebo) StdoutLine: {'line': b'-- Searching for dependencies of gz-common5\n'}
[2.695803] (turtlebot3_gazebo) StdoutLine: {'line': b'-- Looking for gz-utils2 -- found version 2.2.1\n'}
[2.695963] (turtlebot3_gazebo) StdoutLine: {'line': b'-- Looking for dlfcn.h - found\n'}
[2.696012] (turtlebot3_gazebo) StdoutLine: {'line': b'-- Looking for libdl - found\n'}
[2.701427] (turtlebot3_gazebo) StdoutLine: {'line': b'-- Searching for <gz-common5> component [testing]\n'}
[2.704689] (turtlebot3_gazebo) StdoutLine: {'line': b'-- Looking for gz-common5-testing -- found version 5.7.1\n'}
[2.704884] (turtlebot3_gazebo) StdoutLine: {'line': b'-- Searching for dependencies of gz-common5-testing\n'}
[2.706550] (turtlebot3_gazebo) StdoutLine: {'line': b'-- Looking for gz-math7 -- found version 7.5.2\n'}
[2.706885] (turtlebot3_gazebo) StdoutLine: {'line': b'-- Looking for gz-msgs10 -- found version 10.3.2\n'}
[2.706949] (-) TimerEvent: {}
[2.711064] (turtlebot3_gazebo) StdoutLine: {'line': b'-- Looking for gz-gui8 -- found version 8.4.0\n'}
[2.711214] (turtlebot3_gazebo) StdoutLine: {'line': b'-- Searching for dependencies of gz-gui8\n'}
[2.733098] (turtlebot3_gazebo) StdoutLine: {'line': b'-- Looking for gz-utils2 -- found version 2.2.1\n'}
[2.733306] (turtlebot3_gazebo) StdoutLine: {'line': b'-- Looking for gz-math7 -- found version 7.5.2\n'}
[2.733612] (turtlebot3_gazebo) StdoutLine: {'line': b'-- Looking for gz-common5 -- found version 5.7.1\n'}
[2.733965] (turtlebot3_gazebo) StdoutLine: {'line': b'-- Looking for gz-plugin2 -- found version 2.0.4\n'}
[2.734313] (turtlebot3_gazebo) StdoutLine: {'line': b'-- Looking for gz-transport13 -- found version 13.4.1\n'}
[2.737580] (turtlebot3_gazebo) StdoutLine: {'line': b'-- Looking for gz-rendering8 -- found version 8.2.2\n'}
[2.737805] (turtlebot3_gazebo) StdoutLine: {'line': b'-- Searching for dependencies of gz-rendering8\n'}
[2.738025] (turtlebot3_gazebo) StdoutLine: {'line': b'-- Looking for gz-math7 -- found version 7.5.2\n'}
[2.738179] (turtlebot3_gazebo) StdoutLine: {'line': b'-- Searching for dependencies of gz-math7\n'}
[2.738458] (turtlebot3_gazebo) StdoutLine: {'line': b'-- Looking for gz-utils2 -- found version 2.2.1\n'}
[2.738662] (turtlebot3_gazebo) StdoutLine: {'line': b'-- Searching for <gz-math7> component [eigen3]\n'}
[2.742262] (turtlebot3_gazebo) StdoutLine: {'line': b'-- Looking for gz-math7-eigen3 -- found version 7.5.2\n'}
[2.742467] (turtlebot3_gazebo) StdoutLine: {'line': b'-- Searching for dependencies of gz-math7-eigen3\n'}
[2.752858] (turtlebot3_gazebo) StdoutLine: {'line': b'-- Looking for gz-common5 -- found version 5.7.1\n'}
[2.753051] (turtlebot3_gazebo) StdoutLine: {'line': b'-- Searching for dependencies of gz-common5\n'}
[2.753165] (turtlebot3_gazebo) StdoutLine: {'line': b'-- Looking for gz-utils2 -- found version 2.2.1\n'}
[2.753315] (turtlebot3_gazebo) StdoutLine: {'line': b'-- Looking for dlfcn.h - found\n'}
[2.753373] (turtlebot3_gazebo) StdoutLine: {'line': b'-- Looking for libdl - found\n'}
[2.759453] (turtlebot3_gazebo) StdoutLine: {'line': b'-- Searching for <gz-common5> component [graphics]\n'}
[2.759561] (turtlebot3_gazebo) StdoutLine: {'line': b'-- Searching for <gz-common5> component [events]\n'}
[2.759599] (turtlebot3_gazebo) StdoutLine: {'line': b'-- Searching for <gz-common5> component [geospatial]\n'}
[2.762283] (turtlebot3_gazebo) StdoutLine: {'line': b'-- Looking for gz-common5-geospatial -- found version 5.7.1\n'}
[2.762396] (turtlebot3_gazebo) StdoutLine: {'line': b'-- Searching for dependencies of gz-common5-geospatial\n'}
[2.762729] (turtlebot3_gazebo) StdoutLine: {'line': b'-- Looking for gz-math7 -- found version 7.5.2\n'}
[2.763153] (turtlebot3_gazebo) StdoutLine: {'line': b'-- Looking for gz-common5 -- found version 5.7.1\n'}
[2.764622] (turtlebot3_gazebo) StdoutLine: {'line': b'-- Looking for gz-plugin2 -- found version 2.0.4\n'}
[2.764745] (turtlebot3_gazebo) StdoutLine: {'line': b'-- Searching for dependencies of gz-plugin2\n'}
[2.765022] (turtlebot3_gazebo) StdoutLine: {'line': b'-- Looking for gz-utils2 -- found version 2.2.1\n'}
[2.765163] (turtlebot3_gazebo) StdoutLine: {'line': b'-- Searching for <gz-plugin2> component [all]\n'}
[2.768107] (turtlebot3_gazebo) StdoutLine: {'line': b'-- Looking for all libraries of gz-plugin2 -- found version 2.0.4\n'}
[2.768503] (turtlebot3_gazebo) StdoutLine: {'line': b'-- Looking for gz-plugin2 -- found version 2.0.4\n'}
[2.769576] (turtlebot3_gazebo) StdoutLine: {'line': b'-- Looking for gz-utils2 -- found version 2.2.1\n'}
[2.782644] (turtlebot3_gazebo) StdoutLine: {'line': b'-- Found OpenGL: /usr/lib/x86_64-linux-gnu/libOpenGL.so  found components: OpenGL \n'}
[2.784673] (turtlebot3_gazebo) StdoutLine: {'line': b'-- Looking for gz-msgs10 -- found version 10.3.2\n'}
[2.807886] (-) TimerEvent: {}
[2.838789] (turtlebot3_gazebo) StdoutLine: {'line': b'-- Looking for gz-physics7 -- found version 7.5.0\n'}
[2.838986] (turtlebot3_gazebo) StdoutLine: {'line': b'-- Searching for dependencies of gz-physics7\n'}
[2.839379] (turtlebot3_gazebo) StdoutLine: {'line': b'-- Looking for gz-common5 -- found version 5.7.1\n'}
[2.839757] (turtlebot3_gazebo) StdoutLine: {'line': b'-- Looking for gz-math7 -- found version 7.5.2\n'}
[2.840126] (turtlebot3_gazebo) StdoutLine: {'line': b'-- Looking for gz-plugin2 -- found version 2.0.4\n'}
[2.840512] (turtlebot3_gazebo) StdoutLine: {'line': b'-- Looking for gz-utils2 -- found version 2.2.1\n'}
[2.842260] (turtlebot3_gazebo) StdoutLine: {'line': b'-- Searching for <gz-physics7> component [heightmap]\n'}
[2.844316] (turtlebot3_gazebo) StdoutLine: {'line': b'-- Looking for gz-physics7-heightmap -- found version 7.5.0\n'}
[2.844463] (turtlebot3_gazebo) StdoutLine: {'line': b'-- Searching for dependencies of gz-physics7-heightmap\n'}
[2.844754] (turtlebot3_gazebo) StdoutLine: {'line': b'-- Looking for gz-common5 -- found version 5.7.1\n'}
[2.845662] (turtlebot3_gazebo) StdoutLine: {'line': b'-- Searching for <gz-physics7> component [mesh]\n'}
[2.847735] (turtlebot3_gazebo) StdoutLine: {'line': b'-- Looking for gz-physics7-mesh -- found version 7.5.0\n'}
[2.847882] (turtlebot3_gazebo) StdoutLine: {'line': b'-- Searching for dependencies of gz-physics7-mesh\n'}
[2.848187] (turtlebot3_gazebo) StdoutLine: {'line': b'-- Looking for gz-common5 -- found version 5.7.1\n'}
[2.848951] (turtlebot3_gazebo) StdoutLine: {'line': b'-- Searching for <gz-physics7> component [sdf]\n'}
[2.851585] (turtlebot3_gazebo) StdoutLine: {'line': b'-- Looking for gz-physics7-sdf -- found version 7.5.0\n'}
[2.853677] (turtlebot3_gazebo) StdoutLine: {'line': b'-- Searching for dependencies of gz-physics7-sdf\n'}
[2.853733] (turtlebot3_gazebo) StdoutLine: {'line': b'-- Looking for sdformat14 -- found version 14.8.0\n'}
[2.859459] (turtlebot3_gazebo) StdoutLine: {'line': b'-- Looking for gz-sensors8 -- found version 8.2.2\n'}
[2.859656] (turtlebot3_gazebo) StdoutLine: {'line': b'-- Searching for dependencies of gz-sensors8\n'}
[2.876681] (turtlebot3_gazebo) StdoutLine: {'line': b'-- Looking for gz-math7 -- found version 7.5.2\n'}
[2.876974] (turtlebot3_gazebo) StdoutLine: {'line': b'-- Looking for gz-common5 -- found version 5.7.1\n'}
[2.877276] (turtlebot3_gazebo) StdoutLine: {'line': b'-- Looking for gz-transport13 -- found version 13.4.1\n'}
[2.877889] (turtlebot3_gazebo) StdoutLine: {'line': b'-- Looking for gz-rendering8 -- found version 8.2.2\n'}
[2.878343] (turtlebot3_gazebo) StdoutLine: {'line': b'-- Looking for gz-msgs10 -- found version 10.3.2\n'}
[2.878656] (turtlebot3_gazebo) StdoutLine: {'line': b'-- Looking for sdformat14 -- found version 14.8.0\n'}
[2.880090] (turtlebot3_gazebo) StdoutLine: {'line': b'-- Searching for <gz-sensors8> component [air_pressure]\n'}
[2.882503] (turtlebot3_gazebo) StdoutLine: {'line': b'-- Looking for gz-sensors8-air_pressure -- found version 8.2.2\n'}
[2.882662] (turtlebot3_gazebo) StdoutLine: {'line': b'-- Searching for dependencies of gz-sensors8-air_pressure\n'}
[2.883654] (turtlebot3_gazebo) StdoutLine: {'line': b'-- Searching for <gz-sensors8> component [air_speed]\n'}
[2.885625] (turtlebot3_gazebo) StdoutLine: {'line': b'-- Looking for gz-sensors8-air_speed -- found version 8.2.2\n'}
[2.885843] (turtlebot3_gazebo) StdoutLine: {'line': b'-- Searching for dependencies of gz-sensors8-air_speed\n'}
[2.886729] (turtlebot3_gazebo) StdoutLine: {'line': b'-- Searching for <gz-sensors8> component [altimeter]\n'}
[2.888642] (turtlebot3_gazebo) StdoutLine: {'line': b'-- Looking for gz-sensors8-altimeter -- found version 8.2.2\n'}
[2.888778] (turtlebot3_gazebo) StdoutLine: {'line': b'-- Searching for dependencies of gz-sensors8-altimeter\n'}
[2.889927] (turtlebot3_gazebo) StdoutLine: {'line': b'-- Searching for <gz-sensors8> component [imu]\n'}
[2.892235] (turtlebot3_gazebo) StdoutLine: {'line': b'-- Looking for gz-sensors8-imu -- found version 8.2.2\n'}
[2.892908] (turtlebot3_gazebo) StdoutLine: {'line': b'-- Searching for dependencies of gz-sensors8-imu\n'}
[2.893753] (turtlebot3_gazebo) StdoutLine: {'line': b'-- Searching for <gz-sensors8> component [force_torque]\n'}
[2.896046] (turtlebot3_gazebo) StdoutLine: {'line': b'-- Looking for gz-sensors8-force_torque -- found version 8.2.2\n'}
[2.896236] (turtlebot3_gazebo) StdoutLine: {'line': b'-- Searching for dependencies of gz-sensors8-force_torque\n'}
[2.897186] (turtlebot3_gazebo) StdoutLine: {'line': b'-- Searching for <gz-sensors8> component [logical_camera]\n'}
[2.899234] (turtlebot3_gazebo) StdoutLine: {'line': b'-- Looking for gz-sensors8-logical_camera -- found version 8.2.2\n'}
[2.899445] (turtlebot3_gazebo) StdoutLine: {'line': b'-- Searching for dependencies of gz-sensors8-logical_camera\n'}
[2.900380] (turtlebot3_gazebo) StdoutLine: {'line': b'-- Searching for <gz-sensors8> component [magnetometer]\n'}
[2.902572] (turtlebot3_gazebo) StdoutLine: {'line': b'-- Looking for gz-sensors8-magnetometer -- found version 8.2.2\n'}
[2.902726] (turtlebot3_gazebo) StdoutLine: {'line': b'-- Searching for dependencies of gz-sensors8-magnetometer\n'}
[2.903810] (turtlebot3_gazebo) StdoutLine: {'line': b'-- Searching for <gz-sensors8> component [navsat]\n'}
[2.905683] (turtlebot3_gazebo) StdoutLine: {'line': b'-- Looking for gz-sensors8-navsat -- found version 8.2.2\n'}
[2.905917] (turtlebot3_gazebo) StdoutLine: {'line': b'-- Searching for dependencies of gz-sensors8-navsat\n'}
[2.906817] (turtlebot3_gazebo) StdoutLine: {'line': b'-- Searching for <gz-sensors8> component [dvl]\n'}
[2.908033] (-) TimerEvent: {}
[2.909058] (turtlebot3_gazebo) StdoutLine: {'line': b'-- Looking for gz-sensors8-dvl -- found version 8.2.2\n'}
[2.909212] (turtlebot3_gazebo) StdoutLine: {'line': b'-- Searching for dependencies of gz-sensors8-dvl\n'}
[2.909477] (turtlebot3_gazebo) StdoutLine: {'line': b'-- Looking for gz-sensors8 -- found version 8.2.2\n'}
[2.909733] (turtlebot3_gazebo) StdoutLine: {'line': b'-- Searching for dependencies of gz-sensors8\n'}
[2.927828] (turtlebot3_gazebo) StdoutLine: {'line': b'-- Looking for gz-math7 -- found version 7.5.2\n'}
[2.928112] (turtlebot3_gazebo) StdoutLine: {'line': b'-- Looking for gz-common5 -- found version 5.7.1\n'}
[2.928439] (turtlebot3_gazebo) StdoutLine: {'line': b'-- Looking for gz-transport13 -- found version 13.4.1\n'}
[2.928791] (turtlebot3_gazebo) StdoutLine: {'line': b'-- Looking for gz-rendering8 -- found version 8.2.2\n'}
[2.929137] (turtlebot3_gazebo) StdoutLine: {'line': b'-- Looking for gz-msgs10 -- found version 10.3.2\n'}
[2.929417] (turtlebot3_gazebo) StdoutLine: {'line': b'-- Looking for sdformat14 -- found version 14.8.0\n'}
[2.929616] (turtlebot3_gazebo) StdoutLine: {'line': b'-- Searching for <gz-sensors8> component [rendering]\n'}
[2.932537] (turtlebot3_gazebo) StdoutLine: {'line': b'-- Looking for gz-sensors8-rendering -- found version 8.2.2\n'}
[2.932727] (turtlebot3_gazebo) StdoutLine: {'line': b'-- Searching for dependencies of gz-sensors8-rendering\n'}
[2.935014] (turtlebot3_gazebo) StdoutLine: {'line': b'-- Searching for <gz-sensors8> component [rendering]\n'}
[2.935149] (turtlebot3_gazebo) StdoutLine: {'line': b'-- Searching for <gz-sensors8> component [lidar]\n'}
[2.937119] (turtlebot3_gazebo) StdoutLine: {'line': b'-- Looking for gz-sensors8-lidar -- found version 8.2.2\n'}
[2.937304] (turtlebot3_gazebo) StdoutLine: {'line': b'-- Searching for dependencies of gz-sensors8-lidar\n'}
[2.937617] (turtlebot3_gazebo) StdoutLine: {'line': b'-- Looking for gz-sensors8 -- found version 8.2.2\n'}
[2.938762] (turtlebot3_gazebo) StdoutLine: {'line': b'-- Searching for <gz-sensors8> component [gpu_lidar]\n'}
[2.940977] (turtlebot3_gazebo) StdoutLine: {'line': b'-- Looking for gz-sensors8-gpu_lidar -- found version 8.2.2\n'}
[2.941124] (turtlebot3_gazebo) StdoutLine: {'line': b'-- Searching for dependencies of gz-sensors8-gpu_lidar\n'}
[2.941384] (turtlebot3_gazebo) StdoutLine: {'line': b'-- Looking for gz-sensors8 -- found version 8.2.2\n'}
[2.942516] (turtlebot3_gazebo) StdoutLine: {'line': b'-- Searching for <gz-sensors8> component [camera]\n'}
[2.944956] (turtlebot3_gazebo) StdoutLine: {'line': b'-- Looking for gz-sensors8-camera -- found version 8.2.2\n'}
[2.945031] (turtlebot3_gazebo) StdoutLine: {'line': b'-- Searching for dependencies of gz-sensors8-camera\n'}
[2.945357] (turtlebot3_gazebo) StdoutLine: {'line': b'-- Looking for gz-sensors8 -- found version 8.2.2\n'}
[2.946332] (turtlebot3_gazebo) StdoutLine: {'line': b'-- Searching for <gz-sensors8> component [boundingbox_camera]\n'}
[2.948342] (turtlebot3_gazebo) StdoutLine: {'line': b'-- Looking for gz-sensors8-boundingbox_camera -- found version 8.2.2\n'}
[2.948487] (turtlebot3_gazebo) StdoutLine: {'line': b'-- Searching for dependencies of gz-sensors8-boundingbox_camera\n'}
[2.949491] (turtlebot3_gazebo) StdoutLine: {'line': b'-- Searching for <gz-sensors8> component [segmentation_camera]\n'}
[2.951575] (turtlebot3_gazebo) StdoutLine: {'line': b'-- Looking for gz-sensors8-segmentation_camera -- found version 8.2.2\n'}
[2.951689] (turtlebot3_gazebo) StdoutLine: {'line': b'-- Searching for dependencies of gz-sensors8-segmentation_camera\n'}
[2.952746] (turtlebot3_gazebo) StdoutLine: {'line': b'-- Searching for <gz-sensors8> component [depth_camera]\n'}
[2.955003] (turtlebot3_gazebo) StdoutLine: {'line': b'-- Looking for gz-sensors8-depth_camera -- found version 8.2.2\n'}
[2.955110] (turtlebot3_gazebo) StdoutLine: {'line': b'-- Searching for dependencies of gz-sensors8-depth_camera\n'}
[2.955463] (turtlebot3_gazebo) StdoutLine: {'line': b'-- Looking for gz-sensors8 -- found version 8.2.2\n'}
[2.956628] (turtlebot3_gazebo) StdoutLine: {'line': b'-- Searching for <gz-sensors8> component [rgbd_camera]\n'}
[2.958509] (turtlebot3_gazebo) StdoutLine: {'line': b'-- Looking for gz-sensors8-rgbd_camera -- found version 8.2.2\n'}
[2.958626] (turtlebot3_gazebo) StdoutLine: {'line': b'-- Searching for dependencies of gz-sensors8-rgbd_camera\n'}
[2.958878] (turtlebot3_gazebo) StdoutLine: {'line': b'-- Looking for gz-sensors8 -- found version 8.2.2\n'}
[2.959914] (turtlebot3_gazebo) StdoutLine: {'line': b'-- Searching for <gz-sensors8> component [thermal_camera]\n'}
[2.962120] (turtlebot3_gazebo) StdoutLine: {'line': b'-- Looking for gz-sensors8-thermal_camera -- found version 8.2.2\n'}
[2.962270] (turtlebot3_gazebo) StdoutLine: {'line': b'-- Searching for dependencies of gz-sensors8-thermal_camera\n'}
[2.962621] (turtlebot3_gazebo) StdoutLine: {'line': b'-- Looking for gz-sensors8 -- found version 8.2.2\n'}
[2.963778] (turtlebot3_gazebo) StdoutLine: {'line': b'-- Searching for <gz-sensors8> component [wide_angle_camera]\n'}
[2.965686] (turtlebot3_gazebo) StdoutLine: {'line': b'-- Looking for gz-sensors8-wide_angle_camera -- found version 8.2.2\n'}
[2.965856] (turtlebot3_gazebo) StdoutLine: {'line': b'-- Searching for dependencies of gz-sensors8-wide_angle_camera\n'}
[2.967394] (turtlebot3_gazebo) StdoutLine: {'line': b'-- Looking for gz-rendering8 -- found version 8.2.2\n'}
[2.967603] (turtlebot3_gazebo) StdoutLine: {'line': b'-- Looking for gz-math7 -- found version 7.5.2\n'}
[2.967919] (turtlebot3_gazebo) StdoutLine: {'line': b'-- Looking for gz-utils2 -- found version 2.2.1\n'}
[2.978175] (dynamic_obstacle_detector_interfaces) StdoutLine: {'line': b'-- Found Python3: /usr/bin/python3 (found version "3.12.3") found components: Interpreter Development NumPy Development.Module Development.Embed \n'}
[2.988825] (turtlebot3_gazebo) StdoutLine: {'line': b'-- Looking for gz-plugin2 -- found version 2.0.4\n'}
[3.008255] (-) TimerEvent: {}
[3.022623] (dynamic_obstacle_detector_interfaces) StdoutLine: {'line': b'-- Found ament_lint_auto: 0.17.3 (/opt/ros/jazzy/share/ament_lint_auto/cmake)\n'}
[3.057887] (turtlebot3_gazebo) StdoutLine: {'line': b'-- Configuring done (2.8s)\n'}
[3.062045] (dynamic_obstacle_detector_interfaces) StdoutLine: {'line': b"-- Added test 'lint_cmake' to check CMake code style\n"}
[3.063850] (dynamic_obstacle_detector_interfaces) StdoutLine: {'line': b"-- Added test 'xmllint' to check XML markup files\n"}
[3.066216] (dynamic_obstacle_detector_interfaces) StdoutLine: {'line': b'-- Configuring done (2.8s)\n'}
[3.094300] (turtlebot3_gazebo) StdoutLine: {'line': b'-- Generating done (0.0s)\n'}
[3.100794] (turtlebot3_gazebo) StdoutLine: {'line': b'-- Build files have been written to: /root/ros_workspace/build/turtlebot3_gazebo\n'}
[3.101475] (dynamic_obstacle_detector_interfaces) StdoutLine: {'line': b'-- Generating done (0.0s)\n'}
[3.108678] (-) TimerEvent: {}
[3.110428] (dynamic_obstacle_detector_interfaces) StdoutLine: {'line': b'-- Build files have been written to: /root/ros_workspace/build/dynamic_obstacle_detector_interfaces\n'}
[3.111369] (turtlebot3_gazebo) CommandEnded: {'returncode': 0}
[3.111952] (turtlebot3_gazebo) JobProgress: {'identifier': 'turtlebot3_gazebo', 'progress': 'build'}
[3.112411] (turtlebot3_gazebo) Command: {'cmd': ['/usr/bin/cmake', '--build', '/root/ros_workspace/build/turtlebot3_gazebo', '--', '-j20', '-l20'], 'cwd': '/root/ros_workspace/build/turtlebot3_gazebo', 'env': OrderedDict({'GZ_SIM_RESOURCE_PATH': '/opt/ros/jazzy/share', 'GZ_CONFIG_PATH': '/opt/ros/jazzy/opt/gz_sim_vendor/share/gz:/opt/ros/jazzy/opt/sdformat_vendor/share/gz:/opt/ros/jazzy/opt/gz_gui_vendor/share/gz:/opt/ros/jazzy/opt/gz_transport_vendor/share/gz:/opt/ros/jazzy/opt/gz_rendering_vendor/share/gz:/opt/ros/jazzy/opt/gz_plugin_vendor/share/gz:/opt/ros/jazzy/opt/gz_fuel_tools_vendor/share/gz:/opt/ros/jazzy/opt/gz_msgs_vendor/share/gz:/opt/ros/jazzy/opt/gz_common_vendor/share/gz', 'HOSTNAME': 'docker-desktop', 'SHLVL': '1', 'LD_LIBRARY_PATH': '/opt/ros/jazzy/opt/gz_sim_vendor/lib:/opt/ros/jazzy/opt/gz_sensors_vendor/lib:/opt/ros/jazzy/opt/gz_physics_vendor/lib:/opt/ros/jazzy/opt/sdformat_vendor/lib:/opt/ros/jazzy/opt/rviz_ogre_vendor/lib:/opt/ros/jazzy/lib/x86_64-linux-gnu:/opt/ros/jazzy/opt/gz_gui_vendor/lib:/opt/ros/jazzy/opt/gz_transport_vendor/lib:/opt/ros/jazzy/opt/gz_rendering_vendor/lib:/opt/ros/jazzy/opt/gz_plugin_vendor/lib:/opt/ros/jazzy/opt/gz_fuel_tools_vendor/lib:/opt/ros/jazzy/opt/gz_msgs_vendor/lib:/opt/ros/jazzy/opt/gz_common_vendor/lib:/opt/ros/jazzy/opt/gz_math_vendor/lib:/opt/ros/jazzy/opt/gz_utils_vendor/lib:/opt/ros/jazzy/opt/gz_tools_vendor/lib:/opt/ros/jazzy/opt/gz_ogre_next_vendor/lib:/opt/ros/jazzy/opt/gz_dartsim_vendor/lib:/opt/ros/jazzy/opt/gz_cmake_vendor/lib:/opt/ros/jazzy/lib', 'HOME': '/root', 'ROS_PYTHON_VERSION': '3', 'ROS_DISTRO': 'jazzy', '_': '/usr/bin/colcon', 'ROS_VERSION': '2', 'TERM': 'xterm', 'PATH': '/opt/ros/jazzy/opt/gz_msgs_vendor/bin:/opt/ros/jazzy/opt/gz_tools_vendor/bin:/opt/ros/jazzy/opt/gz_ogre_next_vendor/bin:/opt/ros/jazzy/bin:/usr/local/sbin:/usr/local/bin:/usr/sbin:/usr/bin:/sbin:/bin', 'DISPLAY': ':0', 'LANG': 'C.UTF-8', 'XAUTHORITY': '', 'LS_COLORS': 'rs=0:di=01;34:ln=01;36:mh=00:pi=40;33:so=01;35:do=01;35:bd=40;33;01:cd=40;33;01:or=40;31;01:mi=00:su=37;41:sg=30;43:ca=00:tw=30;42:ow=34;42:st=37;44:ex=01;32:*.tar=01;31:*.tgz=01;31:*.arc=01;31:*.arj=01;31:*.taz=01;31:*.lha=01;31:*.lz4=01;31:*.lzh=01;31:*.lzma=01;31:*.tlz=01;31:*.txz=01;31:*.tzo=01;31:*.t7z=01;31:*.zip=01;31:*.z=01;31:*.dz=01;31:*.gz=01;31:*.lrz=01;31:*.lz=01;31:*.lzo=01;31:*.xz=01;31:*.zst=01;31:*.tzst=01;31:*.bz2=01;31:*.bz=01;31:*.tbz=01;31:*.tbz2=01;31:*.tz=01;31:*.deb=01;31:*.rpm=01;31:*.jar=01;31:*.war=01;31:*.ear=01;31:*.sar=01;31:*.rar=01;31:*.alz=01;31:*.ace=01;31:*.zoo=01;31:*.cpio=01;31:*.7z=01;31:*.rz=01;31:*.cab=01;31:*.wim=01;31:*.swm=01;31:*.dwm=01;31:*.esd=01;31:*.avif=01;35:*.jpg=01;35:*.jpeg=01;35:*.mjpg=01;35:*.mjpeg=01;35:*.gif=01;35:*.bmp=01;35:*.pbm=01;35:*.pgm=01;35:*.ppm=01;35:*.tga=01;35:*.xbm=01;35:*.xpm=01;35:*.tif=01;35:*.tiff=01;35:*.png=01;35:*.svg=01;35:*.svgz=01;35:*.mng=01;35:*.pcx=01;35:*.mov=01;35:*.mpg=01;35:*.mpeg=01;35:*.m2v=01;35:*.mkv=01;35:*.webm=01;35:*.webp=01;35:*.ogm=01;35:*.mp4=01;35:*.m4v=01;35:*.mp4v=01;35:*.vob=01;35:*.qt=01;35:*.nuv=01;35:*.wmv=01;35:*.asf=01;35:*.rm=01;35:*.rmvb=01;35:*.flc=01;35:*.avi=01;35:*.fli=01;35:*.flv=01;35:*.gl=01;35:*.dl=01;35:*.xcf=01;35:*.xwd=01;35:*.yuv=01;35:*.cgm=01;35:*.emf=01;35:*.ogv=01;35:*.ogx=01;35:*.aac=00;36:*.au=00;36:*.flac=00;36:*.m4a=00;36:*.mid=00;36:*.midi=00;36:*.mka=00;36:*.mp3=00;36:*.mpc=00;36:*.ogg=00;36:*.ra=00;36:*.wav=00;36:*.oga=00;36:*.opus=00;36:*.spx=00;36:*.xspf=00;36:*~=00;90:*#=00;90:*.bak=00;90:*.crdownload=00;90:*.dpkg-dist=00;90:*.dpkg-new=00;90:*.dpkg-old=00;90:*.dpkg-tmp=00;90:*.old=00;90:*.orig=00;90:*.part=00;90:*.rej=00;90:*.rpmnew=00;90:*.rpmorig=00;90:*.rpmsave=00;90:*.swp=00;90:*.tmp=00;90:*.ucf-dist=00;90:*.ucf-new=00;90:*.ucf-old=00;90:', 'AMENT_PREFIX_PATH': '/opt/ros/jazzy', 'ROS_AUTOMATIC_DISCOVERY_RANGE': 'SUBNET', 'PWD': '/root/ros_workspace/build/turtlebot3_gazebo', 'LC_ALL': 'C.UTF-8', 'PYTHONPATH': '/opt/ros/jazzy/lib/python3.12/site-packages', 'COLCON': '1', 'CMAKE_PREFIX_PATH': '/opt/ros/jazzy/opt/gz_sim_vendor:/opt/ros/jazzy/opt/gz_sensors_vendor:/opt/ros/jazzy/opt/gz_physics_vendor:/opt/ros/jazzy/opt/sdformat_vendor:/opt/ros/jazzy/opt/gz_gui_vendor:/opt/ros/jazzy/opt/gz_transport_vendor:/opt/ros/jazzy/opt/gz_rendering_vendor:/opt/ros/jazzy/opt/gz_plugin_vendor:/opt/ros/jazzy/opt/gz_fuel_tools_vendor:/opt/ros/jazzy/opt/gz_msgs_vendor:/opt/ros/jazzy/opt/gz_common_vendor:/opt/ros/jazzy/opt/gz_math_vendor:/opt/ros/jazzy/opt/gz_utils_vendor:/opt/ros/jazzy/opt/gz_tools_vendor:/opt/ros/jazzy/opt/gz_ogre_next_vendor:/opt/ros/jazzy/opt/gz_dartsim_vendor:/opt/ros/jazzy/opt/gz_cmake_vendor:/opt/ros/jazzy'}), 'shell': False}
[3.117400] (dynamic_obstacle_detector_interfaces) CommandEnded: {'returncode': 0}
[3.117617] (dynamic_obstacle_detector_interfaces) JobProgress: {'identifier': 'dynamic_obstacle_detector_interfaces', 'progress': 'build'}
[3.117643] (dynamic_obstacle_detector_interfaces) Command: {'cmd': ['/usr/bin/cmake', '--build', '/root/ros_workspace/build/dynamic_obstacle_detector_interfaces', '--', '-j20', '-l20'], 'cwd': '/root/ros_workspace/build/dynamic_obstacle_detector_interfaces', 'env': OrderedDict({'GZ_SIM_RESOURCE_PATH': '/opt/ros/jazzy/share', 'GZ_CONFIG_PATH': '/opt/ros/jazzy/opt/gz_sim_vendor/share/gz:/opt/ros/jazzy/opt/sdformat_vendor/share/gz:/opt/ros/jazzy/opt/gz_gui_vendor/share/gz:/opt/ros/jazzy/opt/gz_transport_vendor/share/gz:/opt/ros/jazzy/opt/gz_rendering_vendor/share/gz:/opt/ros/jazzy/opt/gz_plugin_vendor/share/gz:/opt/ros/jazzy/opt/gz_fuel_tools_vendor/share/gz:/opt/ros/jazzy/opt/gz_msgs_vendor/share/gz:/opt/ros/jazzy/opt/gz_common_vendor/share/gz', 'HOSTNAME': 'docker-desktop', 'SHLVL': '1', 'LD_LIBRARY_PATH': '/opt/ros/jazzy/opt/gz_sim_vendor/lib:/opt/ros/jazzy/opt/gz_sensors_vendor/lib:/opt/ros/jazzy/opt/gz_physics_vendor/lib:/opt/ros/jazzy/opt/sdformat_vendor/lib:/opt/ros/jazzy/opt/rviz_ogre_vendor/lib:/opt/ros/jazzy/lib/x86_64-linux-gnu:/opt/ros/jazzy/opt/gz_gui_vendor/lib:/opt/ros/jazzy/opt/gz_transport_vendor/lib:/opt/ros/jazzy/opt/gz_rendering_vendor/lib:/opt/ros/jazzy/opt/gz_plugin_vendor/lib:/opt/ros/jazzy/opt/gz_fuel_tools_vendor/lib:/opt/ros/jazzy/opt/gz_msgs_vendor/lib:/opt/ros/jazzy/opt/gz_common_vendor/lib:/opt/ros/jazzy/opt/gz_math_vendor/lib:/opt/ros/jazzy/opt/gz_utils_vendor/lib:/opt/ros/jazzy/opt/gz_tools_vendor/lib:/opt/ros/jazzy/opt/gz_ogre_next_vendor/lib:/opt/ros/jazzy/opt/gz_dartsim_vendor/lib:/opt/ros/jazzy/opt/gz_cmake_vendor/lib:/opt/ros/jazzy/lib', 'HOME': '/root', 'ROS_PYTHON_VERSION': '3', 'ROS_DISTRO': 'jazzy', '_': '/usr/bin/colcon', 'ROS_VERSION': '2', 'TERM': 'xterm', 'PATH': '/opt/ros/jazzy/opt/gz_msgs_vendor/bin:/opt/ros/jazzy/opt/gz_tools_vendor/bin:/opt/ros/jazzy/opt/gz_ogre_next_vendor/bin:/opt/ros/jazzy/bin:/usr/local/sbin:/usr/local/bin:/usr/sbin:/usr/bin:/sbin:/bin', 'DISPLAY': ':0', 'LANG': 'C.UTF-8', 'XAUTHORITY': '', 'LS_COLORS': 'rs=0:di=01;34:ln=01;36:mh=00:pi=40;33:so=01;35:do=01;35:bd=40;33;01:cd=40;33;01:or=40;31;01:mi=00:su=37;41:sg=30;43:ca=00:tw=30;42:ow=34;42:st=37;44:ex=01;32:*.tar=01;31:*.tgz=01;31:*.arc=01;31:*.arj=01;31:*.taz=01;31:*.lha=01;31:*.lz4=01;31:*.lzh=01;31:*.lzma=01;31:*.tlz=01;31:*.txz=01;31:*.tzo=01;31:*.t7z=01;31:*.zip=01;31:*.z=01;31:*.dz=01;31:*.gz=01;31:*.lrz=01;31:*.lz=01;31:*.lzo=01;31:*.xz=01;31:*.zst=01;31:*.tzst=01;31:*.bz2=01;31:*.bz=01;31:*.tbz=01;31:*.tbz2=01;31:*.tz=01;31:*.deb=01;31:*.rpm=01;31:*.jar=01;31:*.war=01;31:*.ear=01;31:*.sar=01;31:*.rar=01;31:*.alz=01;31:*.ace=01;31:*.zoo=01;31:*.cpio=01;31:*.7z=01;31:*.rz=01;31:*.cab=01;31:*.wim=01;31:*.swm=01;31:*.dwm=01;31:*.esd=01;31:*.avif=01;35:*.jpg=01;35:*.jpeg=01;35:*.mjpg=01;35:*.mjpeg=01;35:*.gif=01;35:*.bmp=01;35:*.pbm=01;35:*.pgm=01;35:*.ppm=01;35:*.tga=01;35:*.xbm=01;35:*.xpm=01;35:*.tif=01;35:*.tiff=01;35:*.png=01;35:*.svg=01;35:*.svgz=01;35:*.mng=01;35:*.pcx=01;35:*.mov=01;35:*.mpg=01;35:*.mpeg=01;35:*.m2v=01;35:*.mkv=01;35:*.webm=01;35:*.webp=01;35:*.ogm=01;35:*.mp4=01;35:*.m4v=01;35:*.mp4v=01;35:*.vob=01;35:*.qt=01;35:*.nuv=01;35:*.wmv=01;35:*.asf=01;35:*.rm=01;35:*.rmvb=01;35:*.flc=01;35:*.avi=01;35:*.fli=01;35:*.flv=01;35:*.gl=01;35:*.dl=01;35:*.xcf=01;35:*.xwd=01;35:*.yuv=01;35:*.cgm=01;35:*.emf=01;35:*.ogv=01;35:*.ogx=01;35:*.aac=00;36:*.au=00;36:*.flac=00;36:*.m4a=00;36:*.mid=00;36:*.midi=00;36:*.mka=00;36:*.mp3=00;36:*.mpc=00;36:*.ogg=00;36:*.ra=00;36:*.wav=00;36:*.oga=00;36:*.opus=00;36:*.spx=00;36:*.xspf=00;36:*~=00;90:*#=00;90:*.bak=00;90:*.crdownload=00;90:*.dpkg-dist=00;90:*.dpkg-new=00;90:*.dpkg-old=00;90:*.dpkg-tmp=00;90:*.old=00;90:*.orig=00;90:*.part=00;90:*.rej=00;90:*.rpmnew=00;90:*.rpmorig=00;90:*.rpmsave=00;90:*.swp=00;90:*.tmp=00;90:*.ucf-dist=00;90:*.ucf-new=00;90:*.ucf-old=00;90:', 'AMENT_PREFIX_PATH': '/opt/ros/jazzy', 'ROS_AUTOMATIC_DISCOVERY_RANGE': 'SUBNET', 'PWD': '/root/ros_workspace/build/dynamic_obstacle_detector_interfaces', 'LC_ALL': 'C.UTF-8', 'PYTHONPATH': '/opt/ros/jazzy/lib/python3.12/site-packages', 'COLCON': '1', 'CMAKE_PREFIX_PATH': '/opt/ros/jazzy/opt/gz_sim_vendor:/opt/ros/jazzy/opt/gz_sensors_vendor:/opt/ros/jazzy/opt/gz_physics_vendor:/opt/ros/jazzy/opt/sdformat_vendor:/opt/ros/jazzy/opt/gz_gui_vendor:/opt/ros/jazzy/opt/gz_transport_vendor:/opt/ros/jazzy/opt/gz_rendering_vendor:/opt/ros/jazzy/opt/gz_plugin_vendor:/opt/ros/jazzy/opt/gz_fuel_tools_vendor:/opt/ros/jazzy/opt/gz_msgs_vendor:/opt/ros/jazzy/opt/gz_common_vendor:/opt/ros/jazzy/opt/gz_math_vendor:/opt/ros/jazzy/opt/gz_utils_vendor:/opt/ros/jazzy/opt/gz_tools_vendor:/opt/ros/jazzy/opt/gz_ogre_next_vendor:/opt/ros/jazzy/opt/gz_dartsim_vendor:/opt/ros/jazzy/opt/gz_cmake_vendor:/opt/ros/jazzy'}), 'shell': False}
[3.157727] (turtlebot3_gazebo) StdoutLine: {'line': b'[ 12%] \x1b[32mBuilding CXX object CMakeFiles/obstacles.dir/src/obstacles.cpp.o\x1b[0m\n'}
[3.158138] (turtlebot3_gazebo) StdoutLine: {'line': b'[ 25%] \x1b[32mBuilding CXX object CMakeFiles/obstacle1.dir/src/obstacle1.cpp.o\x1b[0m\n'}
[3.158251] (turtlebot3_gazebo) StdoutLine: {'line': b'[ 37%] \x1b[32mBuilding CXX object CMakeFiles/obstacle2.dir/src/obstacle2.cpp.o\x1b[0m\n'}
[3.158291] (turtlebot3_gazebo) StdoutLine: {'line': b'[ 50%] \x1b[32mBuilding CXX object CMakeFiles/turtlebot3_drive.dir/src/turtlebot3_drive.cpp.o\x1b[0m\n'}
[3.158485] (dynamic_obstacle_detector_interfaces) StdoutLine: {'line': b'[  2%] \x1b[34m\x1b[1mGenerating type hashes for ROS interfaces\x1b[0m\n'}
[3.172025] (dynamic_obstacle_detector_interfaces) StdoutLine: {'line': b'[  2%] Built target ament_cmake_python_copy_dynamic_obstacle_detector_interfaces\n'}
[3.208900] (-) TimerEvent: {}
[3.309294] (-) TimerEvent: {}
[3.333198] (dynamic_obstacle_detector_interfaces) StdoutLine: {'line': b'running egg_info\n'}
[3.334006] (dynamic_obstacle_detector_interfaces) StdoutLine: {'line': b'creating dynamic_obstacle_detector_interfaces.egg-info\n'}
[3.352950] (dynamic_obstacle_detector_interfaces) StdoutLine: {'line': b'writing dynamic_obstacle_detector_interfaces.egg-info/PKG-INFO\n'}
[3.353650] (dynamic_obstacle_detector_interfaces) StdoutLine: {'line': b'writing dependency_links to dynamic_obstacle_detector_interfaces.egg-info/dependency_links.txt\n'}
[3.354042] (dynamic_obstacle_detector_interfaces) StdoutLine: {'line': b'writing top-level names to dynamic_obstacle_detector_interfaces.egg-info/top_level.txt\n'}
[3.354258] (dynamic_obstacle_detector_interfaces) StdoutLine: {'line': b"writing manifest file 'dynamic_obstacle_detector_interfaces.egg-info/SOURCES.txt'\n"}
[3.393097] (dynamic_obstacle_detector_interfaces) StdoutLine: {'line': b"reading manifest file 'dynamic_obstacle_detector_interfaces.egg-info/SOURCES.txt'\n"}
[3.394064] (dynamic_obstacle_detector_interfaces) StdoutLine: {'line': b"writing manifest file 'dynamic_obstacle_detector_interfaces.egg-info/SOURCES.txt'\n"}
[3.409588] (-) TimerEvent: {}
[3.417935] (dynamic_obstacle_detector_interfaces) StdoutLine: {'line': b'[  2%] Built target dynamic_obstacle_detector_interfaces__rosidl_generator_type_description\n'}
[3.421986] (dynamic_obstacle_detector_interfaces) StdoutLine: {'line': b'[  2%] Built target ament_cmake_python_build_dynamic_obstacle_detector_interfaces_egg\n'}
[3.430793] (dynamic_obstacle_detector_interfaces) StdoutLine: {'line': b'[  4%] \x1b[34m\x1b[1mGenerating C code for ROS interfaces\x1b[0m\n'}
[3.442603] (dynamic_obstacle_detector_interfaces) StdoutLine: {'line': b'[  6%] \x1b[34m\x1b[1mGenerating C++ code for ROS interfaces\x1b[0m\n'}
[3.509744] (-) TimerEvent: {}
[3.610380] (-) TimerEvent: {}
[3.710938] (-) TimerEvent: {}
[3.715777] (dynamic_obstacle_detector_interfaces) StdoutLine: {'line': b'[  6%] Built target dynamic_obstacle_detector_interfaces__cpp\n'}
[3.735381] (dynamic_obstacle_detector_interfaces) StdoutLine: {'line': b'[ 11%] \x1b[32mBuilding C object CMakeFiles/dynamic_obstacle_detector_interfaces__rosidl_generator_c.dir/rosidl_generator_c/dynamic_obstacle_detector_interfaces/msg/detail/tracked_object__type_support.c.o\x1b[0m\n'}
[3.735720] (dynamic_obstacle_detector_interfaces) StdoutLine: {'line': b'[ 13%] \x1b[32mBuilding C object CMakeFiles/dynamic_obstacle_detector_interfaces__rosidl_generator_c.dir/rosidl_generator_c/dynamic_obstacle_detector_interfaces/msg/detail/tracked_object_array__description.c.o\x1b[0m\n'}
[3.735931] (dynamic_obstacle_detector_interfaces) StdoutLine: {'line': b'[ 13%] \x1b[32mBuilding C object CMakeFiles/dynamic_obstacle_detector_interfaces__rosidl_generator_c.dir/rosidl_generator_c/dynamic_obstacle_detector_interfaces/msg/detail/tracked_object__functions.c.o\x1b[0m\n'}
[3.736262] (dynamic_obstacle_detector_interfaces) StdoutLine: {'line': b'[ 15%] \x1b[32mBuilding C object CMakeFiles/dynamic_obstacle_detector_interfaces__rosidl_generator_c.dir/rosidl_generator_c/dynamic_obstacle_detector_interfaces/msg/detail/tracked_object__description.c.o\x1b[0m\n'}
[3.738518] (dynamic_obstacle_detector_interfaces) StdoutLine: {'line': b'[ 18%] \x1b[32mBuilding C object CMakeFiles/dynamic_obstacle_detector_interfaces__rosidl_generator_c.dir/rosidl_generator_c/dynamic_obstacle_detector_interfaces/msg/detail/tracked_object_array__functions.c.o\x1b[0m\n'}
[3.738983] (dynamic_obstacle_detector_interfaces) StdoutLine: {'line': b'[ 20%] \x1b[32mBuilding C object CMakeFiles/dynamic_obstacle_detector_interfaces__rosidl_generator_c.dir/rosidl_generator_c/dynamic_obstacle_detector_interfaces/msg/detail/tracked_object_array__type_support.c.o\x1b[0m\n'}
[3.803699] (dynamic_obstacle_detector_interfaces) StdoutLine: {'line': b'[ 22%] \x1b[32m\x1b[1mLinking C shared library libdynamic_obstacle_detector_interfaces__rosidl_generator_c.so\x1b[0m\n'}
[3.811143] (-) TimerEvent: {}
[3.852222] (dynamic_obstacle_detector_interfaces) StdoutLine: {'line': b'[ 22%] Built target dynamic_obstacle_detector_interfaces__rosidl_generator_c\n'}
[3.866443] (dynamic_obstacle_detector_interfaces) StdoutLine: {'line': b'[ 25%] \x1b[34m\x1b[1mGenerating C++ type support for eProsima Fast-RTPS\x1b[0m\n'}
[3.867580] (dynamic_obstacle_detector_interfaces) StdoutLine: {'line': b'[ 27%] \x1b[34m\x1b[1mGenerating C++ introspection for ROS interfaces\x1b[0m\n'}
[3.868494] (dynamic_obstacle_detector_interfaces) StdoutLine: {'line': b'[ 31%] \x1b[34m\x1b[1mGenerating C++ type support dispatch for ROS interfaces\x1b[0m\n'}
[3.868807] (dynamic_obstacle_detector_interfaces) StdoutLine: {'line': b'[ 31%] \x1b[34m\x1b[1mGenerating C type support for eProsima Fast-RTPS\x1b[0m\n'}
[3.873378] (dynamic_obstacle_detector_interfaces) StdoutLine: {'line': b'[ 34%] \x1b[34m\x1b[1mGenerating C introspection for ROS interfaces\x1b[0m\n'}
[3.876324] (dynamic_obstacle_detector_interfaces) StdoutLine: {'line': b'[ 36%] \x1b[34m\x1b[1mGenerating C type support dispatch for ROS interfaces\x1b[0m\n'}
[3.911515] (-) TimerEvent: {}
[4.012133] (-) TimerEvent: {}
[4.112922] (-) TimerEvent: {}
[4.213855] (-) TimerEvent: {}
[4.223013] (dynamic_obstacle_detector_interfaces) StdoutLine: {'line': b'[ 38%] \x1b[32mBuilding C object CMakeFiles/dynamic_obstacle_detector_interfaces__rosidl_typesupport_introspection_c.dir/rosidl_typesupport_introspection_c/dynamic_obstacle_detector_interfaces/msg/detail/tracked_object__type_support.c.o\x1b[0m\n'}
[4.223560] (dynamic_obstacle_detector_interfaces) StdoutLine: {'line': b'[ 40%] \x1b[32mBuilding C object CMakeFiles/dynamic_obstacle_detector_interfaces__rosidl_typesupport_introspection_c.dir/rosidl_typesupport_introspection_c/dynamic_obstacle_detector_interfaces/msg/detail/tracked_object_array__type_support.c.o\x1b[0m\n'}
[4.224927] (dynamic_obstacle_detector_interfaces) StdoutLine: {'line': b'[ 45%] \x1b[32mBuilding CXX object CMakeFiles/dynamic_obstacle_detector_interfaces__rosidl_typesupport_fastrtps_cpp.dir/rosidl_typesupport_fastrtps_cpp/dynamic_obstacle_detector_interfaces/msg/detail/dds_fastrtps/tracked_object_array__type_support.cpp.o\x1b[0m\n'}
[4.225334] (dynamic_obstacle_detector_interfaces) StdoutLine: {'line': b'[ 45%] \x1b[32mBuilding CXX object CMakeFiles/dynamic_obstacle_detector_interfaces__rosidl_typesupport_fastrtps_cpp.dir/rosidl_typesupport_fastrtps_cpp/dynamic_obstacle_detector_interfaces/msg/detail/dds_fastrtps/tracked_object__type_support.cpp.o\x1b[0m\n'}
[4.233558] (dynamic_obstacle_detector_interfaces) StdoutLine: {'line': b'[ 47%] \x1b[32mBuilding CXX object CMakeFiles/dynamic_obstacle_detector_interfaces__rosidl_typesupport_introspection_cpp.dir/rosidl_typesupport_introspection_cpp/dynamic_obstacle_detector_interfaces/msg/detail/tracked_object_array__type_support.cpp.o\x1b[0m\n'}
[4.238016] (dynamic_obstacle_detector_interfaces) StdoutLine: {'line': b'[ 50%] \x1b[32mBuilding CXX object CMakeFiles/dynamic_obstacle_detector_interfaces__rosidl_typesupport_introspection_cpp.dir/rosidl_typesupport_introspection_cpp/dynamic_obstacle_detector_interfaces/msg/detail/tracked_object__type_support.cpp.o\x1b[0m\n'}
[4.262937] (dynamic_obstacle_detector_interfaces) StdoutLine: {'line': b'[ 52%] \x1b[32mBuilding CXX object CMakeFiles/dynamic_obstacle_detector_interfaces__rosidl_typesupport_cpp.dir/rosidl_typesupport_cpp/dynamic_obstacle_detector_interfaces/msg/tracked_object__type_support.cpp.o\x1b[0m\n'}
[4.266798] (dynamic_obstacle_detector_interfaces) StdoutLine: {'line': b'[ 54%] \x1b[32mBuilding CXX object CMakeFiles/dynamic_obstacle_detector_interfaces__rosidl_typesupport_cpp.dir/rosidl_typesupport_cpp/dynamic_obstacle_detector_interfaces/msg/tracked_object_array__type_support.cpp.o\x1b[0m\n'}
[4.286899] (dynamic_obstacle_detector_interfaces) StdoutLine: {'line': b'[ 59%] \x1b[32mBuilding CXX object CMakeFiles/dynamic_obstacle_detector_interfaces__rosidl_typesupport_c.dir/rosidl_typesupport_c/dynamic_obstacle_detector_interfaces/msg/tracked_object_array__type_support.cpp.o\x1b[0m\n'}
[4.287549] (dynamic_obstacle_detector_interfaces) StdoutLine: {'line': b'[ 59%] \x1b[32mBuilding CXX object CMakeFiles/dynamic_obstacle_detector_interfaces__rosidl_typesupport_c.dir/rosidl_typesupport_c/dynamic_obstacle_detector_interfaces/msg/tracked_object__type_support.cpp.o\x1b[0m\n'}
[4.287824] (dynamic_obstacle_detector_interfaces) StdoutLine: {'line': b'[ 61%] \x1b[32mBuilding CXX object CMakeFiles/dynamic_obstacle_detector_interfaces__rosidl_typesupport_fastrtps_c.dir/rosidl_typesupport_fastrtps_c/dynamic_obstacle_detector_interfaces/msg/detail/tracked_object_array__type_support_c.cpp.o\x1b[0m\n'}
[4.291731] (dynamic_obstacle_detector_interfaces) StdoutLine: {'line': b'[ 63%] \x1b[32mBuilding CXX object CMakeFiles/dynamic_obstacle_detector_interfaces__rosidl_typesupport_fastrtps_c.dir/rosidl_typesupport_fastrtps_c/dynamic_obstacle_detector_interfaces/msg/detail/tracked_object__type_support_c.cpp.o\x1b[0m\n'}
[4.304958] (dynamic_obstacle_detector_interfaces) StdoutLine: {'line': b'[ 65%] \x1b[32m\x1b[1mLinking C shared library libdynamic_obstacle_detector_interfaces__rosidl_typesupport_introspection_c.so\x1b[0m\n'}
[4.314022] (-) TimerEvent: {}
[4.376003] (dynamic_obstacle_detector_interfaces) StdoutLine: {'line': b'[ 68%] \x1b[32m\x1b[1mLinking CXX shared library libdynamic_obstacle_detector_interfaces__rosidl_typesupport_c.so\x1b[0m\n'}
[4.382311] (dynamic_obstacle_detector_interfaces) StdoutLine: {'line': b'[ 68%] Built target dynamic_obstacle_detector_interfaces__rosidl_typesupport_introspection_c\n'}
[4.414366] (-) TimerEvent: {}
[4.480806] (dynamic_obstacle_detector_interfaces) StdoutLine: {'line': b'[ 68%] Built target dynamic_obstacle_detector_interfaces__rosidl_typesupport_c\n'}
[4.514661] (-) TimerEvent: {}
[4.615829] (-) TimerEvent: {}
[4.717625] (-) TimerEvent: {}
[4.776428] (dynamic_obstacle_detector_interfaces) StdoutLine: {'line': b'[ 70%] \x1b[32m\x1b[1mLinking CXX shared library libdynamic_obstacle_detector_interfaces__rosidl_typesupport_cpp.so\x1b[0m\n'}
[4.800732] (dynamic_obstacle_detector_interfaces) StdoutLine: {'line': b'[ 72%] \x1b[32m\x1b[1mLinking CXX shared library libdynamic_obstacle_detector_interfaces__rosidl_typesupport_introspection_cpp.so\x1b[0m\n'}
[4.818533] (-) TimerEvent: {}
[4.864083] (dynamic_obstacle_detector_interfaces) StdoutLine: {'line': b'[ 72%] Built target dynamic_obstacle_detector_interfaces__rosidl_typesupport_cpp\n'}
[4.916106] (dynamic_obstacle_detector_interfaces) StdoutLine: {'line': b'[ 72%] Built target dynamic_obstacle_detector_interfaces__rosidl_typesupport_introspection_cpp\n'}
[4.918701] (-) TimerEvent: {}
[4.973042] (dynamic_obstacle_detector_interfaces) StdoutLine: {'line': b'[ 75%] \x1b[32m\x1b[1mLinking CXX shared library libdynamic_obstacle_detector_interfaces__rosidl_typesupport_fastrtps_cpp.so\x1b[0m\n'}
[4.973504] (dynamic_obstacle_detector_interfaces) StdoutLine: {'line': b'[ 77%] \x1b[32m\x1b[1mLinking CXX shared library libdynamic_obstacle_detector_interfaces__rosidl_typesupport_fastrtps_c.so\x1b[0m\n'}
[5.019320] (-) TimerEvent: {}
[5.029826] (dynamic_obstacle_detector_interfaces) StdoutLine: {'line': b'[ 77%] Built target dynamic_obstacle_detector_interfaces__rosidl_typesupport_fastrtps_c\n'}
[5.063871] (dynamic_obstacle_detector_interfaces) StdoutLine: {'line': b'[ 77%] Built target dynamic_obstacle_detector_interfaces__rosidl_typesupport_fastrtps_cpp\n'}
[5.092425] (dynamic_obstacle_detector_interfaces) StdoutLine: {'line': b'[ 77%] Built target dynamic_obstacle_detector_interfaces\n'}
[5.112966] (dynamic_obstacle_detector_interfaces) StdoutLine: {'line': b'[ 79%] \x1b[34m\x1b[1mGenerating Python code for ROS interfaces\x1b[0m\n'}
[5.119692] (-) TimerEvent: {}
[5.220889] (-) TimerEvent: {}
[5.322011] (-) TimerEvent: {}
[5.422895] (-) TimerEvent: {}
[5.434286] (dynamic_obstacle_detector_interfaces) StdoutLine: {'line': b'[ 79%] Built target dynamic_obstacle_detector_interfaces__py\n'}
[5.457449] (dynamic_obstacle_detector_interfaces) StdoutLine: {'line': b'[ 81%] \x1b[32mBuilding C object CMakeFiles/dynamic_obstacle_detector_interfaces__rosidl_generator_py.dir/rosidl_generator_py/dynamic_obstacle_detector_interfaces/msg/_tracked_object_array_s.c.o\x1b[0m\n'}
[5.460063] (dynamic_obstacle_detector_interfaces) StdoutLine: {'line': b'[ 84%] \x1b[32mBuilding C object CMakeFiles/dynamic_obstacle_detector_interfaces__rosidl_generator_py.dir/rosidl_generator_py/dynamic_obstacle_detector_interfaces/msg/_tracked_object_s.c.o\x1b[0m\n'}
[5.523066] (-) TimerEvent: {}
[5.623750] (dynamic_obstacle_detector_interfaces) StdoutLine: {'line': b'[ 86%] \x1b[32m\x1b[1mLinking C shared library libdynamic_obstacle_detector_interfaces__rosidl_generator_py.so\x1b[0m\n'}
[5.623972] (-) TimerEvent: {}
[5.673947] (dynamic_obstacle_detector_interfaces) StdoutLine: {'line': b'[ 86%] Built target dynamic_obstacle_detector_interfaces__rosidl_generator_py\n'}
[5.686373] (turtlebot3_gazebo) StdoutLine: {'line': b'[ 62%] \x1b[32m\x1b[1mLinking CXX shared library libobstacle2.so\x1b[0m\n'}
[5.695837] (dynamic_obstacle_detector_interfaces) StdoutLine: {'line': b'[ 88%] \x1b[32mBuilding C object CMakeFiles/dynamic_obstacle_detector_interfaces_s__rosidl_typesupport_fastrtps_c.dir/rosidl_generator_py/dynamic_obstacle_detector_interfaces/_dynamic_obstacle_detector_interfaces_s.ep.rosidl_typesupport_fastrtps_c.c.o\x1b[0m\n'}
[5.696289] (dynamic_obstacle_detector_interfaces) StdoutLine: {'line': b'[ 93%] \x1b[32mBuilding C object CMakeFiles/dynamic_obstacle_detector_interfaces_s__rosidl_typesupport_c.dir/rosidl_generator_py/dynamic_obstacle_detector_interfaces/_dynamic_obstacle_detector_interfaces_s.ep.rosidl_typesupport_c.c.o\x1b[0m\n'}
[5.696492] (dynamic_obstacle_detector_interfaces) StdoutLine: {'line': b'[ 93%] \x1b[32mBuilding C object CMakeFiles/dynamic_obstacle_detector_interfaces_s__rosidl_typesupport_introspection_c.dir/rosidl_generator_py/dynamic_obstacle_detector_interfaces/_dynamic_obstacle_detector_interfaces_s.ep.rosidl_typesupport_introspection_c.c.o\x1b[0m\n'}
[5.711727] (turtlebot3_gazebo) StdoutLine: {'line': b'[ 75%] \x1b[32m\x1b[1mLinking CXX shared library libobstacle1.so\x1b[0m\n'}
[5.724352] (-) TimerEvent: {}
[5.791633] (dynamic_obstacle_detector_interfaces) StdoutLine: {'line': b'[ 95%] \x1b[32m\x1b[1mLinking C shared module rosidl_generator_py/dynamic_obstacle_detector_interfaces/dynamic_obstacle_detector_interfaces_s__rosidl_typesupport_introspection_c.so\x1b[0m\n'}
[5.792202] (dynamic_obstacle_detector_interfaces) StdoutLine: {'line': b'[ 97%] \x1b[32m\x1b[1mLinking C shared module rosidl_generator_py/dynamic_obstacle_detector_interfaces/dynamic_obstacle_detector_interfaces_s__rosidl_typesupport_c.so\x1b[0m\n'}
[5.794360] (dynamic_obstacle_detector_interfaces) StdoutLine: {'line': b'[100%] \x1b[32m\x1b[1mLinking C shared module rosidl_generator_py/dynamic_obstacle_detector_interfaces/dynamic_obstacle_detector_interfaces_s__rosidl_typesupport_fastrtps_c.so\x1b[0m\n'}
[5.824262] (dynamic_obstacle_detector_interfaces) StdoutLine: {'line': b'[100%] Built target dynamic_obstacle_detector_interfaces_s__rosidl_typesupport_c\n'}
[5.824507] (-) TimerEvent: {}
[5.824664] (dynamic_obstacle_detector_interfaces) StdoutLine: {'line': b'[100%] Built target dynamic_obstacle_detector_interfaces_s__rosidl_typesupport_introspection_c\n'}
[5.828919] (dynamic_obstacle_detector_interfaces) StdoutLine: {'line': b'[100%] Built target dynamic_obstacle_detector_interfaces_s__rosidl_typesupport_fastrtps_c\n'}
[5.842682] (dynamic_obstacle_detector_interfaces) CommandEnded: {'returncode': 0}
[5.843214] (dynamic_obstacle_detector_interfaces) JobProgress: {'identifier': 'dynamic_obstacle_detector_interfaces', 'progress': 'install'}
[5.852076] (dynamic_obstacle_detector_interfaces) Command: {'cmd': ['/usr/bin/cmake', '--install', '/root/ros_workspace/build/dynamic_obstacle_detector_interfaces'], 'cwd': '/root/ros_workspace/build/dynamic_obstacle_detector_interfaces', 'env': OrderedDict({'GZ_SIM_RESOURCE_PATH': '/opt/ros/jazzy/share', 'GZ_CONFIG_PATH': '/opt/ros/jazzy/opt/gz_sim_vendor/share/gz:/opt/ros/jazzy/opt/sdformat_vendor/share/gz:/opt/ros/jazzy/opt/gz_gui_vendor/share/gz:/opt/ros/jazzy/opt/gz_transport_vendor/share/gz:/opt/ros/jazzy/opt/gz_rendering_vendor/share/gz:/opt/ros/jazzy/opt/gz_plugin_vendor/share/gz:/opt/ros/jazzy/opt/gz_fuel_tools_vendor/share/gz:/opt/ros/jazzy/opt/gz_msgs_vendor/share/gz:/opt/ros/jazzy/opt/gz_common_vendor/share/gz', 'HOSTNAME': 'docker-desktop', 'SHLVL': '1', 'LD_LIBRARY_PATH': '/opt/ros/jazzy/opt/gz_sim_vendor/lib:/opt/ros/jazzy/opt/gz_sensors_vendor/lib:/opt/ros/jazzy/opt/gz_physics_vendor/lib:/opt/ros/jazzy/opt/sdformat_vendor/lib:/opt/ros/jazzy/opt/rviz_ogre_vendor/lib:/opt/ros/jazzy/lib/x86_64-linux-gnu:/opt/ros/jazzy/opt/gz_gui_vendor/lib:/opt/ros/jazzy/opt/gz_transport_vendor/lib:/opt/ros/jazzy/opt/gz_rendering_vendor/lib:/opt/ros/jazzy/opt/gz_plugin_vendor/lib:/opt/ros/jazzy/opt/gz_fuel_tools_vendor/lib:/opt/ros/jazzy/opt/gz_msgs_vendor/lib:/opt/ros/jazzy/opt/gz_common_vendor/lib:/opt/ros/jazzy/opt/gz_math_vendor/lib:/opt/ros/jazzy/opt/gz_utils_vendor/lib:/opt/ros/jazzy/opt/gz_tools_vendor/lib:/opt/ros/jazzy/opt/gz_ogre_next_vendor/lib:/opt/ros/jazzy/opt/gz_dartsim_vendor/lib:/opt/ros/jazzy/opt/gz_cmake_vendor/lib:/opt/ros/jazzy/lib', 'HOME': '/root', 'ROS_PYTHON_VERSION': '3', 'ROS_DISTRO': 'jazzy', '_': '/usr/bin/colcon', 'ROS_VERSION': '2', 'TERM': 'xterm', 'PATH': '/opt/ros/jazzy/opt/gz_msgs_vendor/bin:/opt/ros/jazzy/opt/gz_tools_vendor/bin:/opt/ros/jazzy/opt/gz_ogre_next_vendor/bin:/opt/ros/jazzy/bin:/usr/local/sbin:/usr/local/bin:/usr/sbin:/usr/bin:/sbin:/bin', 'DISPLAY': ':0', 'LANG': 'C.UTF-8', 'XAUTHORITY': '', 'LS_COLORS': 'rs=0:di=01;34:ln=01;36:mh=00:pi=40;33:so=01;35:do=01;35:bd=40;33;01:cd=40;33;01:or=40;31;01:mi=00:su=37;41:sg=30;43:ca=00:tw=30;42:ow=34;42:st=37;44:ex=01;32:*.tar=01;31:*.tgz=01;31:*.arc=01;31:*.arj=01;31:*.taz=01;31:*.lha=01;31:*.lz4=01;31:*.lzh=01;31:*.lzma=01;31:*.tlz=01;31:*.txz=01;31:*.tzo=01;31:*.t7z=01;31:*.zip=01;31:*.z=01;31:*.dz=01;31:*.gz=01;31:*.lrz=01;31:*.lz=01;31:*.lzo=01;31:*.xz=01;31:*.zst=01;31:*.tzst=01;31:*.bz2=01;31:*.bz=01;31:*.tbz=01;31:*.tbz2=01;31:*.tz=01;31:*.deb=01;31:*.rpm=01;31:*.jar=01;31:*.war=01;31:*.ear=01;31:*.sar=01;31:*.rar=01;31:*.alz=01;31:*.ace=01;31:*.zoo=01;31:*.cpio=01;31:*.7z=01;31:*.rz=01;31:*.cab=01;31:*.wim=01;31:*.swm=01;31:*.dwm=01;31:*.esd=01;31:*.avif=01;35:*.jpg=01;35:*.jpeg=01;35:*.mjpg=01;35:*.mjpeg=01;35:*.gif=01;35:*.bmp=01;35:*.pbm=01;35:*.pgm=01;35:*.ppm=01;35:*.tga=01;35:*.xbm=01;35:*.xpm=01;35:*.tif=01;35:*.tiff=01;35:*.png=01;35:*.svg=01;35:*.svgz=01;35:*.mng=01;35:*.pcx=01;35:*.mov=01;35:*.mpg=01;35:*.mpeg=01;35:*.m2v=01;35:*.mkv=01;35:*.webm=01;35:*.webp=01;35:*.ogm=01;35:*.mp4=01;35:*.m4v=01;35:*.mp4v=01;35:*.vob=01;35:*.qt=01;35:*.nuv=01;35:*.wmv=01;35:*.asf=01;35:*.rm=01;35:*.rmvb=01;35:*.flc=01;35:*.avi=01;35:*.fli=01;35:*.flv=01;35:*.gl=01;35:*.dl=01;35:*.xcf=01;35:*.xwd=01;35:*.yuv=01;35:*.cgm=01;35:*.emf=01;35:*.ogv=01;35:*.ogx=01;35:*.aac=00;36:*.au=00;36:*.flac=00;36:*.m4a=00;36:*.mid=00;36:*.midi=00;36:*.mka=00;36:*.mp3=00;36:*.mpc=00;36:*.ogg=00;36:*.ra=00;36:*.wav=00;36:*.oga=00;36:*.opus=00;36:*.spx=00;36:*.xspf=00;36:*~=00;90:*#=00;90:*.bak=00;90:*.crdownload=00;90:*.dpkg-dist=00;90:*.dpkg-new=00;90:*.dpkg-old=00;90:*.dpkg-tmp=00;90:*.old=00;90:*.orig=00;90:*.part=00;90:*.rej=00;90:*.rpmnew=00;90:*.rpmorig=00;90:*.rpmsave=00;90:*.swp=00;90:*.tmp=00;90:*.ucf-dist=00;90:*.ucf-new=00;90:*.ucf-old=00;90:', 'AMENT_PREFIX_PATH': '/opt/ros/jazzy', 'ROS_AUTOMATIC_DISCOVERY_RANGE': 'SUBNET', 'PWD': '/root/ros_workspace/build/dynamic_obstacle_detector_interfaces', 'LC_ALL': 'C.UTF-8', 'PYTHONPATH': '/opt/ros/jazzy/lib/python3.12/site-packages', 'COLCON': '1', 'CMAKE_PREFIX_PATH': '/opt/ros/jazzy/opt/gz_sim_vendor:/opt/ros/jazzy/opt/gz_sensors_vendor:/opt/ros/jazzy/opt/gz_physics_vendor:/opt/ros/jazzy/opt/sdformat_vendor:/opt/ros/jazzy/opt/gz_gui_vendor:/opt/ros/jazzy/opt/gz_transport_vendor:/opt/ros/jazzy/opt/gz_rendering_vendor:/opt/ros/jazzy/opt/gz_plugin_vendor:/opt/ros/jazzy/opt/gz_fuel_tools_vendor:/opt/ros/jazzy/opt/gz_msgs_vendor:/opt/ros/jazzy/opt/gz_common_vendor:/opt/ros/jazzy/opt/gz_math_vendor:/opt/ros/jazzy/opt/gz_utils_vendor:/opt/ros/jazzy/opt/gz_tools_vendor:/opt/ros/jazzy/opt/gz_ogre_next_vendor:/opt/ros/jazzy/opt/gz_dartsim_vendor:/opt/ros/jazzy/opt/gz_cmake_vendor:/opt/ros/jazzy'}), 'shell': False}
[5.862048] (dynamic_obstacle_detector_interfaces) StdoutLine: {'line': b'-- Install configuration: ""\n'}
[5.862790] (dynamic_obstacle_detector_interfaces) StdoutLine: {'line': b'-- Installing: /root/ros_workspace/install/dynamic_obstacle_detector_interfaces/share/ament_index/resource_index/rosidl_interfaces/dynamic_obstacle_detector_interfaces\n'}
[5.863082] (dynamic_obstacle_detector_interfaces) StdoutLine: {'line': b'-- Installing: /root/ros_workspace/install/dynamic_obstacle_detector_interfaces/share/dynamic_obstacle_detector_interfaces/msg/TrackedObject.json\n'}
[5.863420] (dynamic_obstacle_detector_interfaces) StdoutLine: {'line': b'-- Installing: /root/ros_workspace/install/dynamic_obstacle_detector_interfaces/share/dynamic_obstacle_detector_interfaces/msg/TrackedObjectArray.json\n'}
[5.863687] (dynamic_obstacle_detector_interfaces) StdoutLine: {'line': b'-- Installing: /root/ros_workspace/install/dynamic_obstacle_detector_interfaces/include/dynamic_obstacle_detector_interfaces/dynamic_obstacle_detector_interfaces\n'}
[5.863991] (dynamic_obstacle_detector_interfaces) StdoutLine: {'line': b'-- Installing: /root/ros_workspace/install/dynamic_obstacle_detector_interfaces/include/dynamic_obstacle_detector_interfaces/dynamic_obstacle_detector_interfaces/msg\n'}
[5.864245] (dynamic_obstacle_detector_interfaces) StdoutLine: {'line': b'-- Installing: /root/ros_workspace/install/dynamic_obstacle_detector_interfaces/include/dynamic_obstacle_detector_interfaces/dynamic_obstacle_detector_interfaces/msg/tracked_object_array.h\n'}
[5.864500] (dynamic_obstacle_detector_interfaces) StdoutLine: {'line': b'-- Installing: /root/ros_workspace/install/dynamic_obstacle_detector_interfaces/include/dynamic_obstacle_detector_interfaces/dynamic_obstacle_detector_interfaces/msg/rosidl_generator_c__visibility_control.h\n'}
[5.864722] (dynamic_obstacle_detector_interfaces) StdoutLine: {'line': b'-- Installing: /root/ros_workspace/install/dynamic_obstacle_detector_interfaces/include/dynamic_obstacle_detector_interfaces/dynamic_obstacle_detector_interfaces/msg/tracked_object.h\n'}
[5.864852] (dynamic_obstacle_detector_interfaces) StdoutLine: {'line': b'-- Installing: /root/ros_workspace/install/dynamic_obstacle_detector_interfaces/include/dynamic_obstacle_detector_interfaces/dynamic_obstacle_detector_interfaces/msg/detail\n'}
[5.864921] (dynamic_obstacle_detector_interfaces) StdoutLine: {'line': b'-- Installing: /root/ros_workspace/install/dynamic_obstacle_detector_interfaces/include/dynamic_obstacle_detector_interfaces/dynamic_obstacle_detector_interfaces/msg/detail/tracked_object_array__functions.h\n'}
[5.865004] (dynamic_obstacle_detector_interfaces) StdoutLine: {'line': b'-- Installing: /root/ros_workspace/install/dynamic_obstacle_detector_interfaces/include/dynamic_obstacle_detector_interfaces/dynamic_obstacle_detector_interfaces/msg/detail/tracked_object__type_support.c\n'}
[5.865299] (dynamic_obstacle_detector_interfaces) StdoutLine: {'line': b'-- Installing: /root/ros_workspace/install/dynamic_obstacle_detector_interfaces/include/dynamic_obstacle_detector_interfaces/dynamic_obstacle_detector_interfaces/msg/detail/tracked_object_array__type_support.h\n'}
[5.865733] (dynamic_obstacle_detector_interfaces) StdoutLine: {'line': b'-- Installing: /root/ros_workspace/install/dynamic_obstacle_detector_interfaces/include/dynamic_obstacle_detector_interfaces/dynamic_obstacle_detector_interfaces/msg/detail/tracked_object__struct.h\n'}
[5.866021] (dynamic_obstacle_detector_interfaces) StdoutLine: {'line': b'-- Installing: /root/ros_workspace/install/dynamic_obstacle_detector_interfaces/include/dynamic_obstacle_detector_interfaces/dynamic_obstacle_detector_interfaces/msg/detail/tracked_object_array__struct.h\n'}
[5.866133] (dynamic_obstacle_detector_interfaces) StdoutLine: {'line': b'-- Installing: /root/ros_workspace/install/dynamic_obstacle_detector_interfaces/include/dynamic_obstacle_detector_interfaces/dynamic_obstacle_detector_interfaces/msg/detail/tracked_object__functions.c\n'}
[5.866240] (dynamic_obstacle_detector_interfaces) StdoutLine: {'line': b'-- Installing: /root/ros_workspace/install/dynamic_obstacle_detector_interfaces/include/dynamic_obstacle_detector_interfaces/dynamic_obstacle_detector_interfaces/msg/detail/tracked_object__type_support.h\n'}
[5.866454] (dynamic_obstacle_detector_interfaces) StdoutLine: {'line': b'-- Installing: /root/ros_workspace/install/dynamic_obstacle_detector_interfaces/include/dynamic_obstacle_detector_interfaces/dynamic_obstacle_detector_interfaces/msg/detail/tracked_object__description.c\n'}
[5.866547] (dynamic_obstacle_detector_interfaces) StdoutLine: {'line': b'-- Installing: /root/ros_workspace/install/dynamic_obstacle_detector_interfaces/include/dynamic_obstacle_detector_interfaces/dynamic_obstacle_detector_interfaces/msg/detail/tracked_object_array__type_support.c\n'}
[5.866632] (dynamic_obstacle_detector_interfaces) StdoutLine: {'line': b'-- Installing: /root/ros_workspace/install/dynamic_obstacle_detector_interfaces/include/dynamic_obstacle_detector_interfaces/dynamic_obstacle_detector_interfaces/msg/detail/tracked_object_array__description.c\n'}
[5.866825] (dynamic_obstacle_detector_interfaces) StdoutLine: {'line': b'-- Installing: /root/ros_workspace/install/dynamic_obstacle_detector_interfaces/include/dynamic_obstacle_detector_interfaces/dynamic_obstacle_detector_interfaces/msg/detail/tracked_object__functions.h\n'}
[5.866940] (dynamic_obstacle_detector_interfaces) StdoutLine: {'line': b'-- Installing: /root/ros_workspace/install/dynamic_obstacle_detector_interfaces/include/dynamic_obstacle_detector_interfaces/dynamic_obstacle_detector_interfaces/msg/detail/tracked_object_array__functions.c\n'}
[5.867032] (dynamic_obstacle_detector_interfaces) StdoutLine: {'line': b'-- Installing: /root/ros_workspace/install/dynamic_obstacle_detector_interfaces/share/dynamic_obstacle_detector_interfaces/environment/library_path.sh\n'}
[5.867124] (dynamic_obstacle_detector_interfaces) StdoutLine: {'line': b'-- Installing: /root/ros_workspace/install/dynamic_obstacle_detector_interfaces/share/dynamic_obstacle_detector_interfaces/environment/library_path.dsv\n'}
[5.867218] (dynamic_obstacle_detector_interfaces) StdoutLine: {'line': b'-- Installing: /root/ros_workspace/install/dynamic_obstacle_detector_interfaces/lib/libdynamic_obstacle_detector_interfaces__rosidl_generator_c.so\n'}
[5.867322] (dynamic_obstacle_detector_interfaces) StdoutLine: {'line': b'-- Set non-toolchain portion of runtime path of "/root/ros_workspace/install/dynamic_obstacle_detector_interfaces/lib/libdynamic_obstacle_detector_interfaces__rosidl_generator_c.so" to ""\n'}
[5.867381] (dynamic_obstacle_detector_interfaces) StdoutLine: {'line': b'-- Up-to-date: /root/ros_workspace/install/dynamic_obstacle_detector_interfaces/include/dynamic_obstacle_detector_interfaces/dynamic_obstacle_detector_interfaces\n'}
[5.867421] (dynamic_obstacle_detector_interfaces) StdoutLine: {'line': b'-- Up-to-date: /root/ros_workspace/install/dynamic_obstacle_detector_interfaces/include/dynamic_obstacle_detector_interfaces/dynamic_obstacle_detector_interfaces/msg\n'}
[5.867613] (dynamic_obstacle_detector_interfaces) StdoutLine: {'line': b'-- Installing: /root/ros_workspace/install/dynamic_obstacle_detector_interfaces/include/dynamic_obstacle_detector_interfaces/dynamic_obstacle_detector_interfaces/msg/rosidl_typesupport_fastrtps_c__visibility_control.h\n'}
[5.867874] (dynamic_obstacle_detector_interfaces) StdoutLine: {'line': b'-- Up-to-date: /root/ros_workspace/install/dynamic_obstacle_detector_interfaces/include/dynamic_obstacle_detector_interfaces/dynamic_obstacle_detector_interfaces/msg/detail\n'}
[5.867934] (dynamic_obstacle_detector_interfaces) StdoutLine: {'line': b'-- Installing: /root/ros_workspace/install/dynamic_obstacle_detector_interfaces/include/dynamic_obstacle_detector_interfaces/dynamic_obstacle_detector_interfaces/msg/detail/tracked_object__rosidl_typesupport_fastrtps_c.h\n'}
[5.867973] (dynamic_obstacle_detector_interfaces) StdoutLine: {'line': b'-- Installing: /root/ros_workspace/install/dynamic_obstacle_detector_interfaces/include/dynamic_obstacle_detector_interfaces/dynamic_obstacle_detector_interfaces/msg/detail/tracked_object_array__rosidl_typesupport_fastrtps_c.h\n'}
[5.868036] (dynamic_obstacle_detector_interfaces) StdoutLine: {'line': b'-- Installing: /root/ros_workspace/install/dynamic_obstacle_detector_interfaces/lib/libdynamic_obstacle_detector_interfaces__rosidl_typesupport_fastrtps_c.so\n'}
[5.868078] (dynamic_obstacle_detector_interfaces) StdoutLine: {'line': b'-- Set non-toolchain portion of runtime path of "/root/ros_workspace/install/dynamic_obstacle_detector_interfaces/lib/libdynamic_obstacle_detector_interfaces__rosidl_typesupport_fastrtps_c.so" to ""\n'}
[5.868115] (dynamic_obstacle_detector_interfaces) StdoutLine: {'line': b'-- Up-to-date: /root/ros_workspace/install/dynamic_obstacle_detector_interfaces/include/dynamic_obstacle_detector_interfaces/dynamic_obstacle_detector_interfaces\n'}
[5.868174] (dynamic_obstacle_detector_interfaces) StdoutLine: {'line': b'-- Up-to-date: /root/ros_workspace/install/dynamic_obstacle_detector_interfaces/include/dynamic_obstacle_detector_interfaces/dynamic_obstacle_detector_interfaces/msg\n'}
[5.868251] (dynamic_obstacle_detector_interfaces) StdoutLine: {'line': b'-- Installing: /root/ros_workspace/install/dynamic_obstacle_detector_interfaces/include/dynamic_obstacle_detector_interfaces/dynamic_obstacle_detector_interfaces/msg/rosidl_typesupport_introspection_c__visibility_control.h\n'}
[5.868303] (dynamic_obstacle_detector_interfaces) StdoutLine: {'line': b'-- Up-to-date: /root/ros_workspace/install/dynamic_obstacle_detector_interfaces/include/dynamic_obstacle_detector_interfaces/dynamic_obstacle_detector_interfaces/msg/detail\n'}
[5.868381] (dynamic_obstacle_detector_interfaces) StdoutLine: {'line': b'-- Installing: /root/ros_workspace/install/dynamic_obstacle_detector_interfaces/include/dynamic_obstacle_detector_interfaces/dynamic_obstacle_detector_interfaces/msg/detail/tracked_object__type_support.c\n'}
[5.868480] (dynamic_obstacle_detector_interfaces) StdoutLine: {'line': b'-- Installing: /root/ros_workspace/install/dynamic_obstacle_detector_interfaces/include/dynamic_obstacle_detector_interfaces/dynamic_obstacle_detector_interfaces/msg/detail/tracked_object__rosidl_typesupport_introspection_c.h\n'}
[5.868574] (dynamic_obstacle_detector_interfaces) StdoutLine: {'line': b'-- Installing: /root/ros_workspace/install/dynamic_obstacle_detector_interfaces/include/dynamic_obstacle_detector_interfaces/dynamic_obstacle_detector_interfaces/msg/detail/tracked_object_array__type_support.c\n'}
[5.868623] (dynamic_obstacle_detector_interfaces) StdoutLine: {'line': b'-- Installing: /root/ros_workspace/install/dynamic_obstacle_detector_interfaces/include/dynamic_obstacle_detector_interfaces/dynamic_obstacle_detector_interfaces/msg/detail/tracked_object_array__rosidl_typesupport_introspection_c.h\n'}
[5.868811] (dynamic_obstacle_detector_interfaces) StdoutLine: {'line': b'-- Installing: /root/ros_workspace/install/dynamic_obstacle_detector_interfaces/lib/libdynamic_obstacle_detector_interfaces__rosidl_typesupport_introspection_c.so\n'}
[5.869079] (dynamic_obstacle_detector_interfaces) StdoutLine: {'line': b'-- Set non-toolchain portion of runtime path of "/root/ros_workspace/install/dynamic_obstacle_detector_interfaces/lib/libdynamic_obstacle_detector_interfaces__rosidl_typesupport_introspection_c.so" to ""\n'}
[5.869202] (dynamic_obstacle_detector_interfaces) StdoutLine: {'line': b'-- Installing: /root/ros_workspace/install/dynamic_obstacle_detector_interfaces/lib/libdynamic_obstacle_detector_interfaces__rosidl_typesupport_c.so\n'}
[5.869309] (dynamic_obstacle_detector_interfaces) StdoutLine: {'line': b'-- Set non-toolchain portion of runtime path of "/root/ros_workspace/install/dynamic_obstacle_detector_interfaces/lib/libdynamic_obstacle_detector_interfaces__rosidl_typesupport_c.so" to ""\n'}
[5.869390] (dynamic_obstacle_detector_interfaces) StdoutLine: {'line': b'-- Up-to-date: /root/ros_workspace/install/dynamic_obstacle_detector_interfaces/include/dynamic_obstacle_detector_interfaces/dynamic_obstacle_detector_interfaces\n'}
[5.869430] (dynamic_obstacle_detector_interfaces) StdoutLine: {'line': b'-- Up-to-date: /root/ros_workspace/install/dynamic_obstacle_detector_interfaces/include/dynamic_obstacle_detector_interfaces/dynamic_obstacle_detector_interfaces/msg\n'}
[5.869688] (dynamic_obstacle_detector_interfaces) StdoutLine: {'line': b'-- Installing: /root/ros_workspace/install/dynamic_obstacle_detector_interfaces/include/dynamic_obstacle_detector_interfaces/dynamic_obstacle_detector_interfaces/msg/rosidl_generator_cpp__visibility_control.hpp\n'}
[5.869830] (dynamic_obstacle_detector_interfaces) StdoutLine: {'line': b'-- Installing: /root/ros_workspace/install/dynamic_obstacle_detector_interfaces/include/dynamic_obstacle_detector_interfaces/dynamic_obstacle_detector_interfaces/msg/tracked_object_array.hpp\n'}
[5.869905] (dynamic_obstacle_detector_interfaces) StdoutLine: {'line': b'-- Installing: /root/ros_workspace/install/dynamic_obstacle_detector_interfaces/include/dynamic_obstacle_detector_interfaces/dynamic_obstacle_detector_interfaces/msg/tracked_object.hpp\n'}
[5.870009] (dynamic_obstacle_detector_interfaces) StdoutLine: {'line': b'-- Up-to-date: /root/ros_workspace/install/dynamic_obstacle_detector_interfaces/include/dynamic_obstacle_detector_interfaces/dynamic_obstacle_detector_interfaces/msg/detail\n'}
[5.870111] (dynamic_obstacle_detector_interfaces) StdoutLine: {'line': b'-- Installing: /root/ros_workspace/install/dynamic_obstacle_detector_interfaces/include/dynamic_obstacle_detector_interfaces/dynamic_obstacle_detector_interfaces/msg/detail/tracked_object_array__struct.hpp\n'}
[5.870214] (dynamic_obstacle_detector_interfaces) StdoutLine: {'line': b'-- Installing: /root/ros_workspace/install/dynamic_obstacle_detector_interfaces/include/dynamic_obstacle_detector_interfaces/dynamic_obstacle_detector_interfaces/msg/detail/tracked_object__struct.hpp\n'}
[5.870307] (dynamic_obstacle_detector_interfaces) StdoutLine: {'line': b'-- Installing: /root/ros_workspace/install/dynamic_obstacle_detector_interfaces/include/dynamic_obstacle_detector_interfaces/dynamic_obstacle_detector_interfaces/msg/detail/tracked_object__builder.hpp\n'}
[5.870409] (dynamic_obstacle_detector_interfaces) StdoutLine: {'line': b'-- Installing: /root/ros_workspace/install/dynamic_obstacle_detector_interfaces/include/dynamic_obstacle_detector_interfaces/dynamic_obstacle_detector_interfaces/msg/detail/tracked_object__type_support.hpp\n'}
[5.870576] (dynamic_obstacle_detector_interfaces) StdoutLine: {'line': b'-- Installing: /root/ros_workspace/install/dynamic_obstacle_detector_interfaces/include/dynamic_obstacle_detector_interfaces/dynamic_obstacle_detector_interfaces/msg/detail/tracked_object__traits.hpp\n'}
[5.870629] (dynamic_obstacle_detector_interfaces) StdoutLine: {'line': b'-- Installing: /root/ros_workspace/install/dynamic_obstacle_detector_interfaces/include/dynamic_obstacle_detector_interfaces/dynamic_obstacle_detector_interfaces/msg/detail/tracked_object_array__builder.hpp\n'}
[5.870668] (dynamic_obstacle_detector_interfaces) StdoutLine: {'line': b'-- Installing: /root/ros_workspace/install/dynamic_obstacle_detector_interfaces/include/dynamic_obstacle_detector_interfaces/dynamic_obstacle_detector_interfaces/msg/detail/tracked_object_array__traits.hpp\n'}
[5.870704] (dynamic_obstacle_detector_interfaces) StdoutLine: {'line': b'-- Installing: /root/ros_workspace/install/dynamic_obstacle_detector_interfaces/include/dynamic_obstacle_detector_interfaces/dynamic_obstacle_detector_interfaces/msg/detail/tracked_object_array__type_support.hpp\n'}
[5.870739] (dynamic_obstacle_detector_interfaces) StdoutLine: {'line': b'-- Up-to-date: /root/ros_workspace/install/dynamic_obstacle_detector_interfaces/include/dynamic_obstacle_detector_interfaces/dynamic_obstacle_detector_interfaces\n'}
[5.870771] (dynamic_obstacle_detector_interfaces) StdoutLine: {'line': b'-- Up-to-date: /root/ros_workspace/install/dynamic_obstacle_detector_interfaces/include/dynamic_obstacle_detector_interfaces/dynamic_obstacle_detector_interfaces/msg\n'}
[5.870803] (dynamic_obstacle_detector_interfaces) StdoutLine: {'line': b'-- Installing: /root/ros_workspace/install/dynamic_obstacle_detector_interfaces/include/dynamic_obstacle_detector_interfaces/dynamic_obstacle_detector_interfaces/msg/rosidl_typesupport_fastrtps_cpp__visibility_control.h\n'}
[5.870834] (dynamic_obstacle_detector_interfaces) StdoutLine: {'line': b'-- Up-to-date: /root/ros_workspace/install/dynamic_obstacle_detector_interfaces/include/dynamic_obstacle_detector_interfaces/dynamic_obstacle_detector_interfaces/msg/detail\n'}
[5.870866] (dynamic_obstacle_detector_interfaces) StdoutLine: {'line': b'-- Installing: /root/ros_workspace/install/dynamic_obstacle_detector_interfaces/include/dynamic_obstacle_detector_interfaces/dynamic_obstacle_detector_interfaces/msg/detail/dds_fastrtps\n'}
[5.870899] (dynamic_obstacle_detector_interfaces) StdoutLine: {'line': b'-- Installing: /root/ros_workspace/install/dynamic_obstacle_detector_interfaces/include/dynamic_obstacle_detector_interfaces/dynamic_obstacle_detector_interfaces/msg/detail/tracked_object_array__rosidl_typesupport_fastrtps_cpp.hpp\n'}
[5.870968] (dynamic_obstacle_detector_interfaces) StdoutLine: {'line': b'-- Installing: /root/ros_workspace/install/dynamic_obstacle_detector_interfaces/include/dynamic_obstacle_detector_interfaces/dynamic_obstacle_detector_interfaces/msg/detail/tracked_object__rosidl_typesupport_fastrtps_cpp.hpp\n'}
[5.871077] (dynamic_obstacle_detector_interfaces) StdoutLine: {'line': b'-- Installing: /root/ros_workspace/install/dynamic_obstacle_detector_interfaces/lib/libdynamic_obstacle_detector_interfaces__rosidl_typesupport_fastrtps_cpp.so\n'}
[5.871276] (dynamic_obstacle_detector_interfaces) StdoutLine: {'line': b'-- Set non-toolchain portion of runtime path of "/root/ros_workspace/install/dynamic_obstacle_detector_interfaces/lib/libdynamic_obstacle_detector_interfaces__rosidl_typesupport_fastrtps_cpp.so" to ""\n'}
[5.871358] (dynamic_obstacle_detector_interfaces) StdoutLine: {'line': b'-- Up-to-date: /root/ros_workspace/install/dynamic_obstacle_detector_interfaces/include/dynamic_obstacle_detector_interfaces/dynamic_obstacle_detector_interfaces\n'}
[5.871396] (dynamic_obstacle_detector_interfaces) StdoutLine: {'line': b'-- Up-to-date: /root/ros_workspace/install/dynamic_obstacle_detector_interfaces/include/dynamic_obstacle_detector_interfaces/dynamic_obstacle_detector_interfaces/msg\n'}
[5.871441] (dynamic_obstacle_detector_interfaces) StdoutLine: {'line': b'-- Up-to-date: /root/ros_workspace/install/dynamic_obstacle_detector_interfaces/include/dynamic_obstacle_detector_interfaces/dynamic_obstacle_detector_interfaces/msg/detail\n'}
[5.871475] (dynamic_obstacle_detector_interfaces) StdoutLine: {'line': b'-- Installing: /root/ros_workspace/install/dynamic_obstacle_detector_interfaces/include/dynamic_obstacle_detector_interfaces/dynamic_obstacle_detector_interfaces/msg/detail/tracked_object__rosidl_typesupport_introspection_cpp.hpp\n'}
[5.871508] (dynamic_obstacle_detector_interfaces) StdoutLine: {'line': b'-- Installing: /root/ros_workspace/install/dynamic_obstacle_detector_interfaces/include/dynamic_obstacle_detector_interfaces/dynamic_obstacle_detector_interfaces/msg/detail/tracked_object__type_support.cpp\n'}
[5.871543] (dynamic_obstacle_detector_interfaces) StdoutLine: {'line': b'-- Installing: /root/ros_workspace/install/dynamic_obstacle_detector_interfaces/include/dynamic_obstacle_detector_interfaces/dynamic_obstacle_detector_interfaces/msg/detail/tracked_object_array__rosidl_typesupport_introspection_cpp.hpp\n'}
[5.871578] (dynamic_obstacle_detector_interfaces) StdoutLine: {'line': b'-- Installing: /root/ros_workspace/install/dynamic_obstacle_detector_interfaces/include/dynamic_obstacle_detector_interfaces/dynamic_obstacle_detector_interfaces/msg/detail/tracked_object_array__type_support.cpp\n'}
[5.871610] (dynamic_obstacle_detector_interfaces) StdoutLine: {'line': b'-- Installing: /root/ros_workspace/install/dynamic_obstacle_detector_interfaces/lib/libdynamic_obstacle_detector_interfaces__rosidl_typesupport_introspection_cpp.so\n'}
[5.871869] (dynamic_obstacle_detector_interfaces) StdoutLine: {'line': b'-- Set non-toolchain portion of runtime path of "/root/ros_workspace/install/dynamic_obstacle_detector_interfaces/lib/libdynamic_obstacle_detector_interfaces__rosidl_typesupport_introspection_cpp.so" to ""\n'}
[5.872035] (dynamic_obstacle_detector_interfaces) StdoutLine: {'line': b'-- Installing: /root/ros_workspace/install/dynamic_obstacle_detector_interfaces/lib/libdynamic_obstacle_detector_interfaces__rosidl_typesupport_cpp.so\n'}
[5.872221] (dynamic_obstacle_detector_interfaces) StdoutLine: {'line': b'-- Set non-toolchain portion of runtime path of "/root/ros_workspace/install/dynamic_obstacle_detector_interfaces/lib/libdynamic_obstacle_detector_interfaces__rosidl_typesupport_cpp.so" to ""\n'}
[5.872308] (dynamic_obstacle_detector_interfaces) StdoutLine: {'line': b'-- Installing: /root/ros_workspace/install/dynamic_obstacle_detector_interfaces/share/dynamic_obstacle_detector_interfaces/environment/pythonpath.sh\n'}
[5.872391] (dynamic_obstacle_detector_interfaces) StdoutLine: {'line': b'-- Installing: /root/ros_workspace/install/dynamic_obstacle_detector_interfaces/share/dynamic_obstacle_detector_interfaces/environment/pythonpath.dsv\n'}
[5.872473] (dynamic_obstacle_detector_interfaces) StdoutLine: {'line': b'-- Installing: /root/ros_workspace/install/dynamic_obstacle_detector_interfaces/lib/python3.12/site-packages/dynamic_obstacle_detector_interfaces-0.0.0-py3.12.egg-info\n'}
[5.872893] (dynamic_obstacle_detector_interfaces) StdoutLine: {'line': b'-- Installing: /root/ros_workspace/install/dynamic_obstacle_detector_interfaces/lib/python3.12/site-packages/dynamic_obstacle_detector_interfaces-0.0.0-py3.12.egg-info/SOURCES.txt\n'}
[5.873033] (dynamic_obstacle_detector_interfaces) StdoutLine: {'line': b'-- Installing: /root/ros_workspace/install/dynamic_obstacle_detector_interfaces/lib/python3.12/site-packages/dynamic_obstacle_detector_interfaces-0.0.0-py3.12.egg-info/top_level.txt\n'}
[5.873293] (dynamic_obstacle_detector_interfaces) StdoutLine: {'line': b'-- Installing: /root/ros_workspace/install/dynamic_obstacle_detector_interfaces/lib/python3.12/site-packages/dynamic_obstacle_detector_interfaces-0.0.0-py3.12.egg-info/PKG-INFO\n'}
[5.873545] (dynamic_obstacle_detector_interfaces) StdoutLine: {'line': b'-- Installing: /root/ros_workspace/install/dynamic_obstacle_detector_interfaces/lib/python3.12/site-packages/dynamic_obstacle_detector_interfaces-0.0.0-py3.12.egg-info/dependency_links.txt\n'}
[5.873975] (dynamic_obstacle_detector_interfaces) StdoutLine: {'line': b'-- Installing: /root/ros_workspace/install/dynamic_obstacle_detector_interfaces/lib/python3.12/site-packages/dynamic_obstacle_detector_interfaces\n'}
[5.874438] (dynamic_obstacle_detector_interfaces) StdoutLine: {'line': b'-- Installing: /root/ros_workspace/install/dynamic_obstacle_detector_interfaces/lib/python3.12/site-packages/dynamic_obstacle_detector_interfaces/msg\n'}
[5.874614] (dynamic_obstacle_detector_interfaces) StdoutLine: {'line': b'-- Installing: /root/ros_workspace/install/dynamic_obstacle_detector_interfaces/lib/python3.12/site-packages/dynamic_obstacle_detector_interfaces/msg/_tracked_object_array_s.c\n'}
[5.874723] (dynamic_obstacle_detector_interfaces) StdoutLine: {'line': b'-- Installing: /root/ros_workspace/install/dynamic_obstacle_detector_interfaces/lib/python3.12/site-packages/dynamic_obstacle_detector_interfaces/msg/__init__.py\n'}
[5.874828] (dynamic_obstacle_detector_interfaces) StdoutLine: {'line': b'-- Installing: /root/ros_workspace/install/dynamic_obstacle_detector_interfaces/lib/python3.12/site-packages/dynamic_obstacle_detector_interfaces/msg/_tracked_object_array.py\n'}
[5.874913] (dynamic_obstacle_detector_interfaces) StdoutLine: {'line': b'-- Installing: /root/ros_workspace/install/dynamic_obstacle_detector_interfaces/lib/python3.12/site-packages/dynamic_obstacle_detector_interfaces/msg/_tracked_object.py\n'}
[5.874998] (dynamic_obstacle_detector_interfaces) StdoutLine: {'line': b'-- Installing: /root/ros_workspace/install/dynamic_obstacle_detector_interfaces/lib/python3.12/site-packages/dynamic_obstacle_detector_interfaces/msg/_tracked_object_s.c\n'}
[5.875089] (dynamic_obstacle_detector_interfaces) StdoutLine: {'line': b'-- Installing: /root/ros_workspace/install/dynamic_obstacle_detector_interfaces/lib/python3.12/site-packages/dynamic_obstacle_detector_interfaces/dynamic_obstacle_detector_interfaces_s__rosidl_typesupport_c.so\n'}
[5.875174] (dynamic_obstacle_detector_interfaces) StdoutLine: {'line': b'-- Installing: /root/ros_workspace/install/dynamic_obstacle_detector_interfaces/lib/python3.12/site-packages/dynamic_obstacle_detector_interfaces/_dynamic_obstacle_detector_interfaces_s.ep.rosidl_typesupport_c.c\n'}
[5.875259] (dynamic_obstacle_detector_interfaces) StdoutLine: {'line': b'-- Installing: /root/ros_workspace/install/dynamic_obstacle_detector_interfaces/lib/python3.12/site-packages/dynamic_obstacle_detector_interfaces/dynamic_obstacle_detector_interfaces_s__rosidl_typesupport_fastrtps_c.so\n'}
[5.875341] (dynamic_obstacle_detector_interfaces) StdoutLine: {'line': b'-- Installing: /root/ros_workspace/install/dynamic_obstacle_detector_interfaces/lib/python3.12/site-packages/dynamic_obstacle_detector_interfaces/_dynamic_obstacle_detector_interfaces_s.ep.rosidl_typesupport_fastrtps_c.c\n'}
[5.875422] (dynamic_obstacle_detector_interfaces) StdoutLine: {'line': b'-- Installing: /root/ros_workspace/install/dynamic_obstacle_detector_interfaces/lib/python3.12/site-packages/dynamic_obstacle_detector_interfaces/__init__.py\n'}
[5.875506] (dynamic_obstacle_detector_interfaces) StdoutLine: {'line': b'-- Installing: /root/ros_workspace/install/dynamic_obstacle_detector_interfaces/lib/python3.12/site-packages/dynamic_obstacle_detector_interfaces/_dynamic_obstacle_detector_interfaces_s.ep.rosidl_typesupport_introspection_c.c\n'}
[5.875588] (dynamic_obstacle_detector_interfaces) StdoutLine: {'line': b'-- Installing: /root/ros_workspace/install/dynamic_obstacle_detector_interfaces/lib/python3.12/site-packages/dynamic_obstacle_detector_interfaces/dynamic_obstacle_detector_interfaces_s__rosidl_typesupport_introspection_c.so\n'}
[5.919839] (dynamic_obstacle_detector_interfaces) StdoutLine: {'line': b"Listing '/root/ros_workspace/install/dynamic_obstacle_detector_interfaces/lib/python3.12/site-packages/dynamic_obstacle_detector_interfaces'...\n"}
[5.920393] (dynamic_obstacle_detector_interfaces) StdoutLine: {'line': b"Compiling '/root/ros_workspace/install/dynamic_obstacle_detector_interfaces/lib/python3.12/site-packages/dynamic_obstacle_detector_interfaces/__init__.py'...\n"}
[5.920613] (dynamic_obstacle_detector_interfaces) StdoutLine: {'line': b"Listing '/root/ros_workspace/install/dynamic_obstacle_detector_interfaces/lib/python3.12/site-packages/dynamic_obstacle_detector_interfaces/msg'...\n"}
[5.920740] (dynamic_obstacle_detector_interfaces) StdoutLine: {'line': b"Compiling '/root/ros_workspace/install/dynamic_obstacle_detector_interfaces/lib/python3.12/site-packages/dynamic_obstacle_detector_interfaces/msg/__init__.py'...\n"}
[5.920856] (dynamic_obstacle_detector_interfaces) StdoutLine: {'line': b"Compiling '/root/ros_workspace/install/dynamic_obstacle_detector_interfaces/lib/python3.12/site-packages/dynamic_obstacle_detector_interfaces/msg/_tracked_object.py'...\n"}
[5.920983] (dynamic_obstacle_detector_interfaces) StdoutLine: {'line': b"Compiling '/root/ros_workspace/install/dynamic_obstacle_detector_interfaces/lib/python3.12/site-packages/dynamic_obstacle_detector_interfaces/msg/_tracked_object_array.py'...\n"}
[5.924909] (-) TimerEvent: {}
[5.931290] (dynamic_obstacle_detector_interfaces) StdoutLine: {'line': b'-- Installing: /root/ros_workspace/install/dynamic_obstacle_detector_interfaces/lib/python3.12/site-packages/dynamic_obstacle_detector_interfaces/dynamic_obstacle_detector_interfaces_s__rosidl_typesupport_fastrtps_c.so\n'}
[5.932065] (dynamic_obstacle_detector_interfaces) StdoutLine: {'line': b'-- Set non-toolchain portion of runtime path of "/root/ros_workspace/install/dynamic_obstacle_detector_interfaces/lib/python3.12/site-packages/dynamic_obstacle_detector_interfaces/dynamic_obstacle_detector_interfaces_s__rosidl_typesupport_fastrtps_c.so" to ""\n'}
[5.932538] (dynamic_obstacle_detector_interfaces) StdoutLine: {'line': b'-- Installing: /root/ros_workspace/install/dynamic_obstacle_detector_interfaces/lib/python3.12/site-packages/dynamic_obstacle_detector_interfaces/dynamic_obstacle_detector_interfaces_s__rosidl_typesupport_introspection_c.so\n'}
[5.933055] (dynamic_obstacle_detector_interfaces) StdoutLine: {'line': b'-- Set non-toolchain portion of runtime path of "/root/ros_workspace/install/dynamic_obstacle_detector_interfaces/lib/python3.12/site-packages/dynamic_obstacle_detector_interfaces/dynamic_obstacle_detector_interfaces_s__rosidl_typesupport_introspection_c.so" to ""\n'}
[5.933471] (dynamic_obstacle_detector_interfaces) StdoutLine: {'line': b'-- Installing: /root/ros_workspace/install/dynamic_obstacle_detector_interfaces/lib/python3.12/site-packages/dynamic_obstacle_detector_interfaces/dynamic_obstacle_detector_interfaces_s__rosidl_typesupport_c.so\n'}
[5.934163] (dynamic_obstacle_detector_interfaces) StdoutLine: {'line': b'-- Set non-toolchain portion of runtime path of "/root/ros_workspace/install/dynamic_obstacle_detector_interfaces/lib/python3.12/site-packages/dynamic_obstacle_detector_interfaces/dynamic_obstacle_detector_interfaces_s__rosidl_typesupport_c.so" to ""\n'}
[5.934695] (dynamic_obstacle_detector_interfaces) StdoutLine: {'line': b'-- Installing: /root/ros_workspace/install/dynamic_obstacle_detector_interfaces/lib/libdynamic_obstacle_detector_interfaces__rosidl_generator_py.so\n'}
[5.935033] (dynamic_obstacle_detector_interfaces) StdoutLine: {'line': b'-- Set non-toolchain portion of runtime path of "/root/ros_workspace/install/dynamic_obstacle_detector_interfaces/lib/libdynamic_obstacle_detector_interfaces__rosidl_generator_py.so" to ""\n'}
[5.935296] (dynamic_obstacle_detector_interfaces) StdoutLine: {'line': b'-- Installing: /root/ros_workspace/install/dynamic_obstacle_detector_interfaces/share/dynamic_obstacle_detector_interfaces/msg/TrackedObject.idl\n'}
[5.935431] (dynamic_obstacle_detector_interfaces) StdoutLine: {'line': b'-- Installing: /root/ros_workspace/install/dynamic_obstacle_detector_interfaces/share/dynamic_obstacle_detector_interfaces/msg/TrackedObjectArray.idl\n'}
[5.935607] (dynamic_obstacle_detector_interfaces) StdoutLine: {'line': b'-- Installing: /root/ros_workspace/install/dynamic_obstacle_detector_interfaces/share/dynamic_obstacle_detector_interfaces/msg/TrackedObject.msg\n'}
[5.935717] (dynamic_obstacle_detector_interfaces) StdoutLine: {'line': b'-- Installing: /root/ros_workspace/install/dynamic_obstacle_detector_interfaces/share/dynamic_obstacle_detector_interfaces/msg/TrackedObjectArray.msg\n'}
[5.935787] (dynamic_obstacle_detector_interfaces) StdoutLine: {'line': b'-- Installing: /root/ros_workspace/install/dynamic_obstacle_detector_interfaces/share/ament_index/resource_index/package_run_dependencies/dynamic_obstacle_detector_interfaces\n'}
[5.936074] (dynamic_obstacle_detector_interfaces) StdoutLine: {'line': b'-- Installing: /root/ros_workspace/install/dynamic_obstacle_detector_interfaces/share/ament_index/resource_index/parent_prefix_path/dynamic_obstacle_detector_interfaces\n'}
[5.936417] (dynamic_obstacle_detector_interfaces) StdoutLine: {'line': b'-- Installing: /root/ros_workspace/install/dynamic_obstacle_detector_interfaces/share/dynamic_obstacle_detector_interfaces/environment/ament_prefix_path.sh\n'}
[5.936538] (dynamic_obstacle_detector_interfaces) StdoutLine: {'line': b'-- Installing: /root/ros_workspace/install/dynamic_obstacle_detector_interfaces/share/dynamic_obstacle_detector_interfaces/environment/ament_prefix_path.dsv\n'}
[5.936591] (dynamic_obstacle_detector_interfaces) StdoutLine: {'line': b'-- Installing: /root/ros_workspace/install/dynamic_obstacle_detector_interfaces/share/dynamic_obstacle_detector_interfaces/environment/path.sh\n'}
[5.936745] (dynamic_obstacle_detector_interfaces) StdoutLine: {'line': b'-- Installing: /root/ros_workspace/install/dynamic_obstacle_detector_interfaces/share/dynamic_obstacle_detector_interfaces/environment/path.dsv\n'}
[5.936798] (dynamic_obstacle_detector_interfaces) StdoutLine: {'line': b'-- Installing: /root/ros_workspace/install/dynamic_obstacle_detector_interfaces/share/dynamic_obstacle_detector_interfaces/local_setup.bash\n'}
[5.936897] (dynamic_obstacle_detector_interfaces) StdoutLine: {'line': b'-- Installing: /root/ros_workspace/install/dynamic_obstacle_detector_interfaces/share/dynamic_obstacle_detector_interfaces/local_setup.sh\n'}
[5.937030] (dynamic_obstacle_detector_interfaces) StdoutLine: {'line': b'-- Installing: /root/ros_workspace/install/dynamic_obstacle_detector_interfaces/share/dynamic_obstacle_detector_interfaces/local_setup.zsh\n'}
[5.937190] (dynamic_obstacle_detector_interfaces) StdoutLine: {'line': b'-- Installing: /root/ros_workspace/install/dynamic_obstacle_detector_interfaces/share/dynamic_obstacle_detector_interfaces/local_setup.dsv\n'}
[5.937337] (dynamic_obstacle_detector_interfaces) StdoutLine: {'line': b'-- Installing: /root/ros_workspace/install/dynamic_obstacle_detector_interfaces/share/dynamic_obstacle_detector_interfaces/package.dsv\n'}
[5.937481] (dynamic_obstacle_detector_interfaces) StdoutLine: {'line': b'-- Installing: /root/ros_workspace/install/dynamic_obstacle_detector_interfaces/share/ament_index/resource_index/packages/dynamic_obstacle_detector_interfaces\n'}
[5.937776] (dynamic_obstacle_detector_interfaces) StdoutLine: {'line': b'-- Installing: /root/ros_workspace/install/dynamic_obstacle_detector_interfaces/share/dynamic_obstacle_detector_interfaces/cmake/export_dynamic_obstacle_detector_interfaces__rosidl_generator_cExport.cmake\n'}
[5.937925] (dynamic_obstacle_detector_interfaces) StdoutLine: {'line': b'-- Installing: /root/ros_workspace/install/dynamic_obstacle_detector_interfaces/share/dynamic_obstacle_detector_interfaces/cmake/export_dynamic_obstacle_detector_interfaces__rosidl_generator_cExport-noconfig.cmake\n'}
[5.938140] (dynamic_obstacle_detector_interfaces) StdoutLine: {'line': b'-- Installing: /root/ros_workspace/install/dynamic_obstacle_detector_interfaces/share/dynamic_obstacle_detector_interfaces/cmake/export_dynamic_obstacle_detector_interfaces__rosidl_typesupport_fastrtps_cExport.cmake\n'}
[5.938297] (dynamic_obstacle_detector_interfaces) StdoutLine: {'line': b'-- Installing: /root/ros_workspace/install/dynamic_obstacle_detector_interfaces/share/dynamic_obstacle_detector_interfaces/cmake/export_dynamic_obstacle_detector_interfaces__rosidl_typesupport_fastrtps_cExport-noconfig.cmake\n'}
[5.938427] (dynamic_obstacle_detector_interfaces) StdoutLine: {'line': b'-- Installing: /root/ros_workspace/install/dynamic_obstacle_detector_interfaces/share/dynamic_obstacle_detector_interfaces/cmake/dynamic_obstacle_detector_interfaces__rosidl_typesupport_introspection_cExport.cmake\n'}
[5.938656] (dynamic_obstacle_detector_interfaces) StdoutLine: {'line': b'-- Installing: /root/ros_workspace/install/dynamic_obstacle_detector_interfaces/share/dynamic_obstacle_detector_interfaces/cmake/dynamic_obstacle_detector_interfaces__rosidl_typesupport_introspection_cExport-noconfig.cmake\n'}
[5.938797] (dynamic_obstacle_detector_interfaces) StdoutLine: {'line': b'-- Installing: /root/ros_workspace/install/dynamic_obstacle_detector_interfaces/share/dynamic_obstacle_detector_interfaces/cmake/dynamic_obstacle_detector_interfaces__rosidl_typesupport_cExport.cmake\n'}
[5.938901] (dynamic_obstacle_detector_interfaces) StdoutLine: {'line': b'-- Installing: /root/ros_workspace/install/dynamic_obstacle_detector_interfaces/share/dynamic_obstacle_detector_interfaces/cmake/dynamic_obstacle_detector_interfaces__rosidl_typesupport_cExport-noconfig.cmake\n'}
[5.939007] (dynamic_obstacle_detector_interfaces) StdoutLine: {'line': b'-- Installing: /root/ros_workspace/install/dynamic_obstacle_detector_interfaces/share/dynamic_obstacle_detector_interfaces/cmake/export_dynamic_obstacle_detector_interfaces__rosidl_generator_cppExport.cmake\n'}
[5.939107] (dynamic_obstacle_detector_interfaces) StdoutLine: {'line': b'-- Installing: /root/ros_workspace/install/dynamic_obstacle_detector_interfaces/share/dynamic_obstacle_detector_interfaces/cmake/export_dynamic_obstacle_detector_interfaces__rosidl_typesupport_fastrtps_cppExport.cmake\n'}
[5.939349] (dynamic_obstacle_detector_interfaces) StdoutLine: {'line': b'-- Installing: /root/ros_workspace/install/dynamic_obstacle_detector_interfaces/share/dynamic_obstacle_detector_interfaces/cmake/export_dynamic_obstacle_detector_interfaces__rosidl_typesupport_fastrtps_cppExport-noconfig.cmake\n'}
[5.939440] (dynamic_obstacle_detector_interfaces) StdoutLine: {'line': b'-- Installing: /root/ros_workspace/install/dynamic_obstacle_detector_interfaces/share/dynamic_obstacle_detector_interfaces/cmake/dynamic_obstacle_detector_interfaces__rosidl_typesupport_introspection_cppExport.cmake\n'}
[5.939498] (dynamic_obstacle_detector_interfaces) StdoutLine: {'line': b'-- Installing: /root/ros_workspace/install/dynamic_obstacle_detector_interfaces/share/dynamic_obstacle_detector_interfaces/cmake/dynamic_obstacle_detector_interfaces__rosidl_typesupport_introspection_cppExport-noconfig.cmake\n'}
[5.939549] (dynamic_obstacle_detector_interfaces) StdoutLine: {'line': b'-- Installing: /root/ros_workspace/install/dynamic_obstacle_detector_interfaces/share/dynamic_obstacle_detector_interfaces/cmake/dynamic_obstacle_detector_interfaces__rosidl_typesupport_cppExport.cmake\n'}
[5.939597] (dynamic_obstacle_detector_interfaces) StdoutLine: {'line': b'-- Installing: /root/ros_workspace/install/dynamic_obstacle_detector_interfaces/share/dynamic_obstacle_detector_interfaces/cmake/dynamic_obstacle_detector_interfaces__rosidl_typesupport_cppExport-noconfig.cmake\n'}
[5.939865] (dynamic_obstacle_detector_interfaces) StdoutLine: {'line': b'-- Installing: /root/ros_workspace/install/dynamic_obstacle_detector_interfaces/share/dynamic_obstacle_detector_interfaces/cmake/export_dynamic_obstacle_detector_interfaces__rosidl_generator_pyExport.cmake\n'}
[5.940082] (dynamic_obstacle_detector_interfaces) StdoutLine: {'line': b'-- Installing: /root/ros_workspace/install/dynamic_obstacle_detector_interfaces/share/dynamic_obstacle_detector_interfaces/cmake/export_dynamic_obstacle_detector_interfaces__rosidl_generator_pyExport-noconfig.cmake\n'}
[5.940148] (dynamic_obstacle_detector_interfaces) StdoutLine: {'line': b'-- Installing: /root/ros_workspace/install/dynamic_obstacle_detector_interfaces/share/dynamic_obstacle_detector_interfaces/cmake/rosidl_cmake-extras.cmake\n'}
[5.940337] (dynamic_obstacle_detector_interfaces) StdoutLine: {'line': b'-- Installing: /root/ros_workspace/install/dynamic_obstacle_detector_interfaces/share/dynamic_obstacle_detector_interfaces/cmake/ament_cmake_export_dependencies-extras.cmake\n'}
[5.940650] (dynamic_obstacle_detector_interfaces) StdoutLine: {'line': b'-- Installing: /root/ros_workspace/install/dynamic_obstacle_detector_interfaces/share/dynamic_obstacle_detector_interfaces/cmake/ament_cmake_export_include_directories-extras.cmake\n'}
[5.940796] (dynamic_obstacle_detector_interfaces) StdoutLine: {'line': b'-- Installing: /root/ros_workspace/install/dynamic_obstacle_detector_interfaces/share/dynamic_obstacle_detector_interfaces/cmake/ament_cmake_export_libraries-extras.cmake\n'}
[5.940937] (dynamic_obstacle_detector_interfaces) StdoutLine: {'line': b'-- Installing: /root/ros_workspace/install/dynamic_obstacle_detector_interfaces/share/dynamic_obstacle_detector_interfaces/cmake/ament_cmake_export_targets-extras.cmake\n'}
[5.941094] (dynamic_obstacle_detector_interfaces) StdoutLine: {'line': b'-- Installing: /root/ros_workspace/install/dynamic_obstacle_detector_interfaces/share/dynamic_obstacle_detector_interfaces/cmake/rosidl_cmake_export_typesupport_targets-extras.cmake\n'}
[5.941146] (dynamic_obstacle_detector_interfaces) StdoutLine: {'line': b'-- Installing: /root/ros_workspace/install/dynamic_obstacle_detector_interfaces/share/dynamic_obstacle_detector_interfaces/cmake/rosidl_cmake_export_typesupport_libraries-extras.cmake\n'}
[5.941293] (dynamic_obstacle_detector_interfaces) StdoutLine: {'line': b'-- Installing: /root/ros_workspace/install/dynamic_obstacle_detector_interfaces/share/dynamic_obstacle_detector_interfaces/cmake/dynamic_obstacle_detector_interfacesConfig.cmake\n'}
[5.941442] (dynamic_obstacle_detector_interfaces) StdoutLine: {'line': b'-- Installing: /root/ros_workspace/install/dynamic_obstacle_detector_interfaces/share/dynamic_obstacle_detector_interfaces/cmake/dynamic_obstacle_detector_interfacesConfig-version.cmake\n'}
[5.941626] (dynamic_obstacle_detector_interfaces) StdoutLine: {'line': b'-- Installing: /root/ros_workspace/install/dynamic_obstacle_detector_interfaces/share/dynamic_obstacle_detector_interfaces/package.xml\n'}
[5.943588] (dynamic_obstacle_detector_interfaces) CommandEnded: {'returncode': 0}
[5.959115] (dynamic_obstacle_detector_interfaces) JobEnded: {'identifier': 'dynamic_obstacle_detector_interfaces', 'rc': 0}
[5.960603] (obstacle_fusion) JobStarted: {'identifier': 'obstacle_fusion'}
[5.964981] (turtlebot3_gazebo) StdoutLine: {'line': b'[ 75%] Built target obstacle1\n'}
[5.968096] (turtlebot3_gazebo) StdoutLine: {'line': b'[ 75%] Built target obstacle2\n'}
[6.025566] (-) TimerEvent: {}
[6.071318] (turtlebot3_gazebo) StdoutLine: {'line': b'[ 87%] \x1b[32m\x1b[1mLinking CXX shared library libobstacles.so\x1b[0m\n'}
[6.125873] (-) TimerEvent: {}
[6.204332] (turtlebot3_gazebo) StdoutLine: {'line': b'[ 87%] Built target obstacles\n'}
[6.227012] (-) TimerEvent: {}
[6.331149] (-) TimerEvent: {}
[6.432189] (-) TimerEvent: {}
[6.435334] (obstacle_fusion) Command: {'cmd': ['/usr/bin/python3', '-W', 'ignore:setup.py install is deprecated', '-W', 'ignore:easy_install command is deprecated', 'setup.py', 'egg_info', '--egg-base', '../../build/obstacle_fusion', 'build', '--build-base', '/root/ros_workspace/build/obstacle_fusion/build', 'install', '--record', '/root/ros_workspace/build/obstacle_fusion/install.log', '--single-version-externally-managed', 'install_data'], 'cwd': '/root/ros_workspace/src/obstacle_fusion', 'env': {'GZ_SIM_RESOURCE_PATH': '/opt/ros/jazzy/share', 'GZ_CONFIG_PATH': '/opt/ros/jazzy/opt/gz_sim_vendor/share/gz:/opt/ros/jazzy/opt/sdformat_vendor/share/gz:/opt/ros/jazzy/opt/gz_gui_vendor/share/gz:/opt/ros/jazzy/opt/gz_transport_vendor/share/gz:/opt/ros/jazzy/opt/gz_rendering_vendor/share/gz:/opt/ros/jazzy/opt/gz_plugin_vendor/share/gz:/opt/ros/jazzy/opt/gz_fuel_tools_vendor/share/gz:/opt/ros/jazzy/opt/gz_msgs_vendor/share/gz:/opt/ros/jazzy/opt/gz_common_vendor/share/gz', 'HOSTNAME': 'docker-desktop', 'SHLVL': '1', 'LD_LIBRARY_PATH': '/root/ros_workspace/install/dynamic_obstacle_detector_interfaces/lib:/opt/ros/jazzy/opt/gz_sim_vendor/lib:/opt/ros/jazzy/opt/gz_sensors_vendor/lib:/opt/ros/jazzy/opt/gz_physics_vendor/lib:/opt/ros/jazzy/opt/sdformat_vendor/lib:/opt/ros/jazzy/opt/rviz_ogre_vendor/lib:/opt/ros/jazzy/lib/x86_64-linux-gnu:/opt/ros/jazzy/opt/gz_gui_vendor/lib:/opt/ros/jazzy/opt/gz_transport_vendor/lib:/opt/ros/jazzy/opt/gz_rendering_vendor/lib:/opt/ros/jazzy/opt/gz_plugin_vendor/lib:/opt/ros/jazzy/opt/gz_fuel_tools_vendor/lib:/opt/ros/jazzy/opt/gz_msgs_vendor/lib:/opt/ros/jazzy/opt/gz_common_vendor/lib:/opt/ros/jazzy/opt/gz_math_vendor/lib:/opt/ros/jazzy/opt/gz_utils_vendor/lib:/opt/ros/jazzy/opt/gz_tools_vendor/lib:/opt/ros/jazzy/opt/gz_ogre_next_vendor/lib:/opt/ros/jazzy/opt/gz_dartsim_vendor/lib:/opt/ros/jazzy/opt/gz_cmake_vendor/lib:/opt/ros/jazzy/lib', 'HOME': '/root', 'ROS_PYTHON_VERSION': '3', 'ROS_DISTRO': 'jazzy', '_': '/usr/bin/colcon', 'ROS_VERSION': '2', 'TERM': 'xterm', 'PATH': '/opt/ros/jazzy/opt/gz_msgs_vendor/bin:/opt/ros/jazzy/opt/gz_tools_vendor/bin:/opt/ros/jazzy/opt/gz_ogre_next_vendor/bin:/opt/ros/jazzy/bin:/usr/local/sbin:/usr/local/bin:/usr/sbin:/usr/bin:/sbin:/bin', 'DISPLAY': ':0', 'LANG': 'C.UTF-8', 'XAUTHORITY': '', 'LS_COLORS': 'rs=0:di=01;34:ln=01;36:mh=00:pi=40;33:so=01;35:do=01;35:bd=40;33;01:cd=40;33;01:or=40;31;01:mi=00:su=37;41:sg=30;43:ca=00:tw=30;42:ow=34;42:st=37;44:ex=01;32:*.tar=01;31:*.tgz=01;31:*.arc=01;31:*.arj=01;31:*.taz=01;31:*.lha=01;31:*.lz4=01;31:*.lzh=01;31:*.lzma=01;31:*.tlz=01;31:*.txz=01;31:*.tzo=01;31:*.t7z=01;31:*.zip=01;31:*.z=01;31:*.dz=01;31:*.gz=01;31:*.lrz=01;31:*.lz=01;31:*.lzo=01;31:*.xz=01;31:*.zst=01;31:*.tzst=01;31:*.bz2=01;31:*.bz=01;31:*.tbz=01;31:*.tbz2=01;31:*.tz=01;31:*.deb=01;31:*.rpm=01;31:*.jar=01;31:*.war=01;31:*.ear=01;31:*.sar=01;31:*.rar=01;31:*.alz=01;31:*.ace=01;31:*.zoo=01;31:*.cpio=01;31:*.7z=01;31:*.rz=01;31:*.cab=01;31:*.wim=01;31:*.swm=01;31:*.dwm=01;31:*.esd=01;31:*.avif=01;35:*.jpg=01;35:*.jpeg=01;35:*.mjpg=01;35:*.mjpeg=01;35:*.gif=01;35:*.bmp=01;35:*.pbm=01;35:*.pgm=01;35:*.ppm=01;35:*.tga=01;35:*.xbm=01;35:*.xpm=01;35:*.tif=01;35:*.tiff=01;35:*.png=01;35:*.svg=01;35:*.svgz=01;35:*.mng=01;35:*.pcx=01;35:*.mov=01;35:*.mpg=01;35:*.mpeg=01;35:*.m2v=01;35:*.mkv=01;35:*.webm=01;35:*.webp=01;35:*.ogm=01;35:*.mp4=01;35:*.m4v=01;35:*.mp4v=01;35:*.vob=01;35:*.qt=01;35:*.nuv=01;35:*.wmv=01;35:*.asf=01;35:*.rm=01;35:*.rmvb=01;35:*.flc=01;35:*.avi=01;35:*.fli=01;35:*.flv=01;35:*.gl=01;35:*.dl=01;35:*.xcf=01;35:*.xwd=01;35:*.yuv=01;35:*.cgm=01;35:*.emf=01;35:*.ogv=01;35:*.ogx=01;35:*.aac=00;36:*.au=00;36:*.flac=00;36:*.m4a=00;36:*.mid=00;36:*.midi=00;36:*.mka=00;36:*.mp3=00;36:*.mpc=00;36:*.ogg=00;36:*.ra=00;36:*.wav=00;36:*.oga=00;36:*.opus=00;36:*.spx=00;36:*.xspf=00;36:*~=00;90:*#=00;90:*.bak=00;90:*.crdownload=00;90:*.dpkg-dist=00;90:*.dpkg-new=00;90:*.dpkg-old=00;90:*.dpkg-tmp=00;90:*.old=00;90:*.orig=00;90:*.part=00;90:*.rej=00;90:*.rpmnew=00;90:*.rpmorig=00;90:*.rpmsave=00;90:*.swp=00;90:*.tmp=00;90:*.ucf-dist=00;90:*.ucf-new=00;90:*.ucf-old=00;90:', 'AMENT_PREFIX_PATH': '/root/ros_workspace/install/dynamic_obstacle_detector_interfaces:/opt/ros/jazzy', 'ROS_AUTOMATIC_DISCOVERY_RANGE': 'SUBNET', 'PWD': '/root/ros_workspace/build/obstacle_fusion', 'LC_ALL': 'C.UTF-8', 'PYTHONPATH': '/root/ros_workspace/build/obstacle_fusion/prefix_override:/usr/lib/python3/dist-packages/colcon_core/task/python/colcon_distutils_commands:/root/ros_workspace/install/obstacle_fusion/lib/python3.12/site-packages:/root/ros_workspace/install/dynamic_obstacle_detector_interfaces/lib/python3.12/site-packages:/opt/ros/jazzy/lib/python3.12/site-packages', 'COLCON': '1', 'CMAKE_PREFIX_PATH': '/root/ros_workspace/install/dynamic_obstacle_detector_interfaces:/opt/ros/jazzy/opt/gz_sim_vendor:/opt/ros/jazzy/opt/gz_sensors_vendor:/opt/ros/jazzy/opt/gz_physics_vendor:/opt/ros/jazzy/opt/sdformat_vendor:/opt/ros/jazzy/opt/gz_gui_vendor:/opt/ros/jazzy/opt/gz_transport_vendor:/opt/ros/jazzy/opt/gz_rendering_vendor:/opt/ros/jazzy/opt/gz_plugin_vendor:/opt/ros/jazzy/opt/gz_fuel_tools_vendor:/opt/ros/jazzy/opt/gz_msgs_vendor:/opt/ros/jazzy/opt/gz_common_vendor:/opt/ros/jazzy/opt/gz_math_vendor:/opt/ros/jazzy/opt/gz_utils_vendor:/opt/ros/jazzy/opt/gz_tools_vendor:/opt/ros/jazzy/opt/gz_ogre_next_vendor:/opt/ros/jazzy/opt/gz_dartsim_vendor:/opt/ros/jazzy/opt/gz_cmake_vendor'}, 'shell': False}
[6.535218] (-) TimerEvent: {}
[6.585264] (obstacle_fusion) StdoutLine: {'line': b'running egg_info\n'}
[6.585404] (obstacle_fusion) StdoutLine: {'line': b'creating ../../build/obstacle_fusion/obstacle_fusion.egg-info\n'}
[6.593414] (obstacle_fusion) StdoutLine: {'line': b'writing ../../build/obstacle_fusion/obstacle_fusion.egg-info/PKG-INFO\n'}
[6.593654] (obstacle_fusion) StdoutLine: {'line': b'writing dependency_links to ../../build/obstacle_fusion/obstacle_fusion.egg-info/dependency_links.txt\n'}
[6.593743] (obstacle_fusion) StdoutLine: {'line': b'writing entry points to ../../build/obstacle_fusion/obstacle_fusion.egg-info/entry_points.txt\n'}
[6.593858] (obstacle_fusion) StdoutLine: {'line': b'writing requirements to ../../build/obstacle_fusion/obstacle_fusion.egg-info/requires.txt\n'}
[6.594010] (obstacle_fusion) StdoutLine: {'line': b'writing top-level names to ../../build/obstacle_fusion/obstacle_fusion.egg-info/top_level.txt\n'}
[6.594087] (obstacle_fusion) StdoutLine: {'line': b"writing manifest file '../../build/obstacle_fusion/obstacle_fusion.egg-info/SOURCES.txt'\n"}
[6.610827] (obstacle_fusion) StdoutLine: {'line': b"reading manifest file '../../build/obstacle_fusion/obstacle_fusion.egg-info/SOURCES.txt'\n"}
[6.611359] (obstacle_fusion) StdoutLine: {'line': b"writing manifest file '../../build/obstacle_fusion/obstacle_fusion.egg-info/SOURCES.txt'\n"}
[6.611516] (obstacle_fusion) StdoutLine: {'line': b'running build\n'}
[6.611570] (obstacle_fusion) StdoutLine: {'line': b'running build_py\n'}
[6.611606] (obstacle_fusion) StdoutLine: {'line': b'creating /root/ros_workspace/build/obstacle_fusion/build\n'}
[6.611801] (obstacle_fusion) StdoutLine: {'line': b'creating /root/ros_workspace/build/obstacle_fusion/build/lib\n'}
[6.611932] (obstacle_fusion) StdoutLine: {'line': b'creating /root/ros_workspace/build/obstacle_fusion/build/lib/obstacle_fusion\n'}
[6.612168] (obstacle_fusion) StdoutLine: {'line': b'copying obstacle_fusion/fusion_node.py -> /root/ros_workspace/build/obstacle_fusion/build/lib/obstacle_fusion\n'}
[6.612390] (obstacle_fusion) StdoutLine: {'line': b'copying obstacle_fusion/__init__.py -> /root/ros_workspace/build/obstacle_fusion/build/lib/obstacle_fusion\n'}
[6.612488] (obstacle_fusion) StdoutLine: {'line': b'running install\n'}
[6.616745] (obstacle_fusion) StdoutLine: {'line': b'running install_lib\n'}
[6.625067] (obstacle_fusion) StdoutLine: {'line': b'creating /root/ros_workspace/install/obstacle_fusion/lib/python3.12/site-packages/obstacle_fusion\n'}
[6.625217] (obstacle_fusion) StdoutLine: {'line': b'copying /root/ros_workspace/build/obstacle_fusion/build/lib/obstacle_fusion/fusion_node.py -> /root/ros_workspace/install/obstacle_fusion/lib/python3.12/site-packages/obstacle_fusion\n'}
[6.625353] (obstacle_fusion) StdoutLine: {'line': b'copying /root/ros_workspace/build/obstacle_fusion/build/lib/obstacle_fusion/__init__.py -> /root/ros_workspace/install/obstacle_fusion/lib/python3.12/site-packages/obstacle_fusion\n'}
[6.625970] (obstacle_fusion) StdoutLine: {'line': b'byte-compiling /root/ros_workspace/install/obstacle_fusion/lib/python3.12/site-packages/obstacle_fusion/fusion_node.py to fusion_node.cpython-312.pyc\n'}
[6.631226] (obstacle_fusion) StdoutLine: {'line': b'byte-compiling /root/ros_workspace/install/obstacle_fusion/lib/python3.12/site-packages/obstacle_fusion/__init__.py to __init__.cpython-312.pyc\n'}
[6.631385] (obstacle_fusion) StdoutLine: {'line': b'running install_data\n'}
[6.631443] (obstacle_fusion) StdoutLine: {'line': b'creating /root/ros_workspace/install/obstacle_fusion/share/ament_index\n'}
[6.631567] (obstacle_fusion) StdoutLine: {'line': b'creating /root/ros_workspace/install/obstacle_fusion/share/ament_index/resource_index\n'}
[6.631723] (obstacle_fusion) StdoutLine: {'line': b'creating /root/ros_workspace/install/obstacle_fusion/share/ament_index/resource_index/packages\n'}
[6.631916] (obstacle_fusion) StdoutLine: {'line': b'copying resource/obstacle_fusion -> /root/ros_workspace/install/obstacle_fusion/share/ament_index/resource_index/packages\n'}
[6.631993] (obstacle_fusion) StdoutLine: {'line': b'copying package.xml -> /root/ros_workspace/install/obstacle_fusion/share/obstacle_fusion\n'}
[6.632198] (obstacle_fusion) StdoutLine: {'line': b'running install_egg_info\n'}
[6.635649] (-) TimerEvent: {}
[6.641597] (obstacle_fusion) StdoutLine: {'line': b'Copying ../../build/obstacle_fusion/obstacle_fusion.egg-info to /root/ros_workspace/install/obstacle_fusion/lib/python3.12/site-packages/obstacle_fusion-0.0.0-py3.12.egg-info\n'}
[6.642213] (obstacle_fusion) StdoutLine: {'line': b'running install_scripts\n'}
[6.711403] (obstacle_fusion) StdoutLine: {'line': b'Installing fusion_node script to /root/ros_workspace/install/obstacle_fusion/lib/obstacle_fusion\n'}
[6.711654] (obstacle_fusion) StdoutLine: {'line': b'Installing prediction_to_costmap_node script to /root/ros_workspace/install/obstacle_fusion/lib/obstacle_fusion\n'}
[6.711744] (obstacle_fusion) StdoutLine: {'line': b"writing list of installed files to '/root/ros_workspace/build/obstacle_fusion/install.log'\n"}
[6.729993] (obstacle_fusion) CommandEnded: {'returncode': 0}
[6.734044] (obstacle_fusion) JobEnded: {'identifier': 'obstacle_fusion', 'rc': 0}
[6.735839] (-) TimerEvent: {}
[6.839320] (-) TimerEvent: {}
[6.943004] (-) TimerEvent: {}
[7.047210] (-) TimerEvent: {}
[7.149013] (-) TimerEvent: {}
[7.253070] (-) TimerEvent: {}
[7.357129] (-) TimerEvent: {}
[7.460872] (-) TimerEvent: {}
[7.564055] (-) TimerEvent: {}
[7.664322] (-) TimerEvent: {}
[7.764658] (-) TimerEvent: {}
[7.864936] (-) TimerEvent: {}
[7.965388] (-) TimerEvent: {}
[8.065713] (-) TimerEvent: {}
[8.166113] (-) TimerEvent: {}
[8.266623] (-) TimerEvent: {}
[8.366911] (-) TimerEvent: {}
[8.467300] (-) TimerEvent: {}
[8.567716] (-) TimerEvent: {}
[8.668075] (-) TimerEvent: {}
[8.768447] (-) TimerEvent: {}
[8.868917] (-) TimerEvent: {}
[8.969185] (-) TimerEvent: {}
[9.069576] (-) TimerEvent: {}
[9.169962] (-) TimerEvent: {}
[9.270324] (-) TimerEvent: {}
[9.370688] (-) TimerEvent: {}
[9.471042] (-) TimerEvent: {}
[9.571475] (-) TimerEvent: {}
[9.672513] (-) TimerEvent: {}
[9.774081] (-) TimerEvent: {}
[9.874601] (-) TimerEvent: {}
[9.975685] (-) TimerEvent: {}
[10.077205] (-) TimerEvent: {}
[10.178804] (-) TimerEvent: {}
[10.279505] (-) TimerEvent: {}
[10.381005] (-) TimerEvent: {}
[10.481386] (-) TimerEvent: {}
[10.582627] (-) TimerEvent: {}
[10.683832] (-) TimerEvent: {}
[10.785410] (-) TimerEvent: {}
[10.885645] (-) TimerEvent: {}
[10.987388] (-) TimerEvent: {}
[11.088980] (-) TimerEvent: {}
[11.189310] (-) TimerEvent: {}
[11.290001] (-) TimerEvent: {}
[11.307087] (turtlebot3_gazebo) StdoutLine: {'line': b'[100%] \x1b[32m\x1b[1mLinking CXX executable turtlebot3_drive\x1b[0m\n'}
[11.391201] (-) TimerEvent: {}
[11.492793] (-) TimerEvent: {}
[11.594391] (-) TimerEvent: {}
[11.624616] (turtlebot3_gazebo) StdoutLine: {'line': b'[100%] Built target turtlebot3_drive\n'}
[11.633362] (turtlebot3_gazebo) CommandEnded: {'returncode': 0}
[11.633881] (turtlebot3_gazebo) JobProgress: {'identifier': 'turtlebot3_gazebo', 'progress': 'install'}
[11.634346] (turtlebot3_gazebo) Command: {'cmd': ['/usr/bin/cmake', '--install', '/root/ros_workspace/build/turtlebot3_gazebo'], 'cwd': '/root/ros_workspace/build/turtlebot3_gazebo', 'env': OrderedDict({'GZ_SIM_RESOURCE_PATH': '/opt/ros/jazzy/share', 'GZ_CONFIG_PATH': '/opt/ros/jazzy/opt/gz_sim_vendor/share/gz:/opt/ros/jazzy/opt/sdformat_vendor/share/gz:/opt/ros/jazzy/opt/gz_gui_vendor/share/gz:/opt/ros/jazzy/opt/gz_transport_vendor/share/gz:/opt/ros/jazzy/opt/gz_rendering_vendor/share/gz:/opt/ros/jazzy/opt/gz_plugin_vendor/share/gz:/opt/ros/jazzy/opt/gz_fuel_tools_vendor/share/gz:/opt/ros/jazzy/opt/gz_msgs_vendor/share/gz:/opt/ros/jazzy/opt/gz_common_vendor/share/gz', 'HOSTNAME': 'docker-desktop', 'SHLVL': '1', 'LD_LIBRARY_PATH': '/opt/ros/jazzy/opt/gz_sim_vendor/lib:/opt/ros/jazzy/opt/gz_sensors_vendor/lib:/opt/ros/jazzy/opt/gz_physics_vendor/lib:/opt/ros/jazzy/opt/sdformat_vendor/lib:/opt/ros/jazzy/opt/rviz_ogre_vendor/lib:/opt/ros/jazzy/lib/x86_64-linux-gnu:/opt/ros/jazzy/opt/gz_gui_vendor/lib:/opt/ros/jazzy/opt/gz_transport_vendor/lib:/opt/ros/jazzy/opt/gz_rendering_vendor/lib:/opt/ros/jazzy/opt/gz_plugin_vendor/lib:/opt/ros/jazzy/opt/gz_fuel_tools_vendor/lib:/opt/ros/jazzy/opt/gz_msgs_vendor/lib:/opt/ros/jazzy/opt/gz_common_vendor/lib:/opt/ros/jazzy/opt/gz_math_vendor/lib:/opt/ros/jazzy/opt/gz_utils_vendor/lib:/opt/ros/jazzy/opt/gz_tools_vendor/lib:/opt/ros/jazzy/opt/gz_ogre_next_vendor/lib:/opt/ros/jazzy/opt/gz_dartsim_vendor/lib:/opt/ros/jazzy/opt/gz_cmake_vendor/lib:/opt/ros/jazzy/lib', 'HOME': '/root', 'ROS_PYTHON_VERSION': '3', 'ROS_DISTRO': 'jazzy', '_': '/usr/bin/colcon', 'ROS_VERSION': '2', 'TERM': 'xterm', 'PATH': '/opt/ros/jazzy/opt/gz_msgs_vendor/bin:/opt/ros/jazzy/opt/gz_tools_vendor/bin:/opt/ros/jazzy/opt/gz_ogre_next_vendor/bin:/opt/ros/jazzy/bin:/usr/local/sbin:/usr/local/bin:/usr/sbin:/usr/bin:/sbin:/bin', 'DISPLAY': ':0', 'LANG': 'C.UTF-8', 'XAUTHORITY': '', 'LS_COLORS': 'rs=0:di=01;34:ln=01;36:mh=00:pi=40;33:so=01;35:do=01;35:bd=40;33;01:cd=40;33;01:or=40;31;01:mi=00:su=37;41:sg=30;43:ca=00:tw=30;42:ow=34;42:st=37;44:ex=01;32:*.tar=01;31:*.tgz=01;31:*.arc=01;31:*.arj=01;31:*.taz=01;31:*.lha=01;31:*.lz4=01;31:*.lzh=01;31:*.lzma=01;31:*.tlz=01;31:*.txz=01;31:*.tzo=01;31:*.t7z=01;31:*.zip=01;31:*.z=01;31:*.dz=01;31:*.gz=01;31:*.lrz=01;31:*.lz=01;31:*.lzo=01;31:*.xz=01;31:*.zst=01;31:*.tzst=01;31:*.bz2=01;31:*.bz=01;31:*.tbz=01;31:*.tbz2=01;31:*.tz=01;31:*.deb=01;31:*.rpm=01;31:*.jar=01;31:*.war=01;31:*.ear=01;31:*.sar=01;31:*.rar=01;31:*.alz=01;31:*.ace=01;31:*.zoo=01;31:*.cpio=01;31:*.7z=01;31:*.rz=01;31:*.cab=01;31:*.wim=01;31:*.swm=01;31:*.dwm=01;31:*.esd=01;31:*.avif=01;35:*.jpg=01;35:*.jpeg=01;35:*.mjpg=01;35:*.mjpeg=01;35:*.gif=01;35:*.bmp=01;35:*.pbm=01;35:*.pgm=01;35:*.ppm=01;35:*.tga=01;35:*.xbm=01;35:*.xpm=01;35:*.tif=01;35:*.tiff=01;35:*.png=01;35:*.svg=01;35:*.svgz=01;35:*.mng=01;35:*.pcx=01;35:*.mov=01;35:*.mpg=01;35:*.mpeg=01;35:*.m2v=01;35:*.mkv=01;35:*.webm=01;35:*.webp=01;35:*.ogm=01;35:*.mp4=01;35:*.m4v=01;35:*.mp4v=01;35:*.vob=01;35:*.qt=01;35:*.nuv=01;35:*.wmv=01;35:*.asf=01;35:*.rm=01;35:*.rmvb=01;35:*.flc=01;35:*.avi=01;35:*.fli=01;35:*.flv=01;35:*.gl=01;35:*.dl=01;35:*.xcf=01;35:*.xwd=01;35:*.yuv=01;35:*.cgm=01;35:*.emf=01;35:*.ogv=01;35:*.ogx=01;35:*.aac=00;36:*.au=00;36:*.flac=00;36:*.m4a=00;36:*.mid=00;36:*.midi=00;36:*.mka=00;36:*.mp3=00;36:*.mpc=00;36:*.ogg=00;36:*.ra=00;36:*.wav=00;36:*.oga=00;36:*.opus=00;36:*.spx=00;36:*.xspf=00;36:*~=00;90:*#=00;90:*.bak=00;90:*.crdownload=00;90:*.dpkg-dist=00;90:*.dpkg-new=00;90:*.dpkg-old=00;90:*.dpkg-tmp=00;90:*.old=00;90:*.orig=00;90:*.part=00;90:*.rej=00;90:*.rpmnew=00;90:*.rpmorig=00;90:*.rpmsave=00;90:*.swp=00;90:*.tmp=00;90:*.ucf-dist=00;90:*.ucf-new=00;90:*.ucf-old=00;90:', 'AMENT_PREFIX_PATH': '/opt/ros/jazzy', 'ROS_AUTOMATIC_DISCOVERY_RANGE': 'SUBNET', 'PWD': '/root/ros_workspace/build/turtlebot3_gazebo', 'LC_ALL': 'C.UTF-8', 'PYTHONPATH': '/opt/ros/jazzy/lib/python3.12/site-packages', 'COLCON': '1', 'CMAKE_PREFIX_PATH': '/opt/ros/jazzy/opt/gz_sim_vendor:/opt/ros/jazzy/opt/gz_sensors_vendor:/opt/ros/jazzy/opt/gz_physics_vendor:/opt/ros/jazzy/opt/sdformat_vendor:/opt/ros/jazzy/opt/gz_gui_vendor:/opt/ros/jazzy/opt/gz_transport_vendor:/opt/ros/jazzy/opt/gz_rendering_vendor:/opt/ros/jazzy/opt/gz_plugin_vendor:/opt/ros/jazzy/opt/gz_fuel_tools_vendor:/opt/ros/jazzy/opt/gz_msgs_vendor:/opt/ros/jazzy/opt/gz_common_vendor:/opt/ros/jazzy/opt/gz_math_vendor:/opt/ros/jazzy/opt/gz_utils_vendor:/opt/ros/jazzy/opt/gz_tools_vendor:/opt/ros/jazzy/opt/gz_ogre_next_vendor:/opt/ros/jazzy/opt/gz_dartsim_vendor:/opt/ros/jazzy/opt/gz_cmake_vendor:/opt/ros/jazzy'}), 'shell': False}
[11.639968] (turtlebot3_gazebo) StdoutLine: {'line': b'-- Install configuration: ""\n'}
[11.640358] (turtlebot3_gazebo) StdoutLine: {'line': b'-- Installing: /root/ros_workspace/install/turtlebot3_gazebo/lib/turtlebot3_gazebo/turtlebot3_drive\n'}
[11.645137] (turtlebot3_gazebo) StdoutLine: {'line': b'-- Set non-toolchain portion of runtime path of "/root/ros_workspace/install/turtlebot3_gazebo/lib/turtlebot3_gazebo/turtlebot3_drive" to ""\n'}
[11.645279] (turtlebot3_gazebo) StdoutLine: {'line': b'-- Installing: /root/ros_workspace/install/turtlebot3_gazebo/lib/turtlebot3_gazebo/libobstacles.so\n'}
[11.646048] (turtlebot3_gazebo) StdoutLine: {'line': b'-- Set non-toolchain portion of runtime path of "/root/ros_workspace/install/turtlebot3_gazebo/lib/turtlebot3_gazebo/libobstacles.so" to ""\n'}
[11.646222] (turtlebot3_gazebo) StdoutLine: {'line': b'-- Installing: /root/ros_workspace/install/turtlebot3_gazebo/lib/turtlebot3_gazebo/libobstacle1.so\n'}
[11.646729] (turtlebot3_gazebo) StdoutLine: {'line': b'-- Set non-toolchain portion of runtime path of "/root/ros_workspace/install/turtlebot3_gazebo/lib/turtlebot3_gazebo/libobstacle1.so" to ""\n'}
[11.646836] (turtlebot3_gazebo) StdoutLine: {'line': b'-- Installing: /root/ros_workspace/install/turtlebot3_gazebo/lib/turtlebot3_gazebo/libobstacle2.so\n'}
[11.647361] (turtlebot3_gazebo) StdoutLine: {'line': b'-- Set non-toolchain portion of runtime path of "/root/ros_workspace/install/turtlebot3_gazebo/lib/turtlebot3_gazebo/libobstacle2.so" to ""\n'}
[11.647446] (turtlebot3_gazebo) StdoutLine: {'line': b'-- Installing: /root/ros_workspace/install/turtlebot3_gazebo/share/turtlebot3_gazebo//launch\n'}
[11.647853] (turtlebot3_gazebo) StdoutLine: {'line': b'-- Installing: /root/ros_workspace/install/turtlebot3_gazebo/share/turtlebot3_gazebo//launch/turtlebot3_dqn_stage1.launch.py\n'}
[11.647974] (turtlebot3_gazebo) StdoutLine: {'line': b'-- Installing: /root/ros_workspace/install/turtlebot3_gazebo/share/turtlebot3_gazebo//launch/spawn_turtlebot3.launch.py\n'}
[11.648083] (turtlebot3_gazebo) StdoutLine: {'line': b'-- Installing: /root/ros_workspace/install/turtlebot3_gazebo/share/turtlebot3_gazebo//launch/empty_world.launch.py\n'}
[11.648207] (turtlebot3_gazebo) StdoutLine: {'line': b'-- Installing: /root/ros_workspace/install/turtlebot3_gazebo/share/turtlebot3_gazebo//launch/turtlebot3_house.launch.py\n'}
[11.648259] (turtlebot3_gazebo) StdoutLine: {'line': b'-- Installing: /root/ros_workspace/install/turtlebot3_gazebo/share/turtlebot3_gazebo//launch/turtlebot3_dqn_stage3.launch.py\n'}
[11.648362] (turtlebot3_gazebo) StdoutLine: {'line': b'-- Installing: /root/ros_workspace/install/turtlebot3_gazebo/share/turtlebot3_gazebo//launch/robot_state_publisher.launch.py\n'}
[11.648411] (turtlebot3_gazebo) StdoutLine: {'line': b'-- Installing: /root/ros_workspace/install/turtlebot3_gazebo/share/turtlebot3_gazebo//launch/turtlebot3_dqn_stage4.launch.py\n'}
[11.648502] (turtlebot3_gazebo) StdoutLine: {'line': b'-- Installing: /root/ros_workspace/install/turtlebot3_gazebo/share/turtlebot3_gazebo//launch/turtlebot3_dqn_stage2.launch.py\n'}
[11.648549] (turtlebot3_gazebo) StdoutLine: {'line': b'-- Installing: /root/ros_workspace/install/turtlebot3_gazebo/share/turtlebot3_gazebo//launch/turtlebot3_world.launch.py\n'}
[11.648637] (turtlebot3_gazebo) StdoutLine: {'line': b'-- Installing: /root/ros_workspace/install/turtlebot3_gazebo/share/turtlebot3_gazebo//models\n'}
[11.648745] (turtlebot3_gazebo) StdoutLine: {'line': b'-- Installing: /root/ros_workspace/install/turtlebot3_gazebo/share/turtlebot3_gazebo//models/turtlebot3_burger\n'}
[11.648791] (turtlebot3_gazebo) StdoutLine: {'line': b'-- Installing: /root/ros_workspace/install/turtlebot3_gazebo/share/turtlebot3_gazebo//models/turtlebot3_burger/model.config\n'}
[11.649289] (turtlebot3_gazebo) StdoutLine: {'line': b'-- Installing: /root/ros_workspace/install/turtlebot3_gazebo/share/turtlebot3_gazebo//models/turtlebot3_burger/model.sdf\n'}
[11.649799] (turtlebot3_gazebo) StdoutLine: {'line': b'-- Installing: /root/ros_workspace/install/turtlebot3_gazebo/share/turtlebot3_gazebo//models/turtlebot3_burger/model-1_4.sdf\n'}
[11.650217] (turtlebot3_gazebo) StdoutLine: {'line': b'-- Installing: /root/ros_workspace/install/turtlebot3_gazebo/share/turtlebot3_gazebo//models/turtlebot3_house\n'}
[11.650348] (turtlebot3_gazebo) StdoutLine: {'line': b'-- Installing: /root/ros_workspace/install/turtlebot3_gazebo/share/turtlebot3_gazebo//models/turtlebot3_house/model.config\n'}
[11.650681] (turtlebot3_gazebo) StdoutLine: {'line': b'-- Installing: /root/ros_workspace/install/turtlebot3_gazebo/share/turtlebot3_gazebo//models/turtlebot3_house/first_2015_trash_can\n'}
[11.650854] (turtlebot3_gazebo) StdoutLine: {'line': b'-- Installing: /root/ros_workspace/install/turtlebot3_gazebo/share/turtlebot3_gazebo//models/turtlebot3_house/first_2015_trash_can/model.config\n'}
[11.651221] (turtlebot3_gazebo) StdoutLine: {'line': b'-- Installing: /root/ros_workspace/install/turtlebot3_gazebo/share/turtlebot3_gazebo//models/turtlebot3_house/first_2015_trash_can/meshes\n'}
[11.651388] (turtlebot3_gazebo) StdoutLine: {'line': b'-- Installing: /root/ros_workspace/install/turtlebot3_gazebo/share/turtlebot3_gazebo//models/turtlebot3_house/first_2015_trash_can/meshes/trash_can.dae\n'}
[11.653715] (turtlebot3_gazebo) StdoutLine: {'line': b'-- Installing: /root/ros_workspace/install/turtlebot3_gazebo/share/turtlebot3_gazebo//models/turtlebot3_house/first_2015_trash_can/model.sdf\n'}
[11.654011] (turtlebot3_gazebo) StdoutLine: {'line': b'-- Installing: /root/ros_workspace/install/turtlebot3_gazebo/share/turtlebot3_gazebo//models/turtlebot3_house/table_marble\n'}
[11.654141] (turtlebot3_gazebo) StdoutLine: {'line': b'-- Installing: /root/ros_workspace/install/turtlebot3_gazebo/share/turtlebot3_gazebo//models/turtlebot3_house/table_marble/model.config\n'}
[11.654483] (turtlebot3_gazebo) StdoutLine: {'line': b'-- Installing: /root/ros_workspace/install/turtlebot3_gazebo/share/turtlebot3_gazebo//models/turtlebot3_house/table_marble/meshes\n'}
[11.654618] (turtlebot3_gazebo) StdoutLine: {'line': b'-- Installing: /root/ros_workspace/install/turtlebot3_gazebo/share/turtlebot3_gazebo//models/turtlebot3_house/table_marble/meshes/table_lightmap.dae\n'}
[11.655626] (turtlebot3_gazebo) StdoutLine: {'line': b'-- Installing: /root/ros_workspace/install/turtlebot3_gazebo/share/turtlebot3_gazebo//models/turtlebot3_house/table_marble/model.sdf\n'}
[11.655965] (turtlebot3_gazebo) StdoutLine: {'line': b'-- Installing: /root/ros_workspace/install/turtlebot3_gazebo/share/turtlebot3_gazebo//models/turtlebot3_house/table_marble/materials\n'}
[11.656103] (turtlebot3_gazebo) StdoutLine: {'line': b'-- Installing: /root/ros_workspace/install/turtlebot3_gazebo/share/turtlebot3_gazebo//models/turtlebot3_house/table_marble/materials/textures\n'}
[11.656216] (turtlebot3_gazebo) StdoutLine: {'line': b'-- Installing: /root/ros_workspace/install/turtlebot3_gazebo/share/turtlebot3_gazebo//models/turtlebot3_house/table_marble/materials/textures/table_lightmap.png\n'}
[11.657281] (turtlebot3_gazebo) StdoutLine: {'line': b'-- Installing: /root/ros_workspace/install/turtlebot3_gazebo/share/turtlebot3_gazebo//models/turtlebot3_house/table_marble/materials/textures/marble.png\n'}
[11.658263] (turtlebot3_gazebo) StdoutLine: {'line': b'-- Installing: /root/ros_workspace/install/turtlebot3_gazebo/share/turtlebot3_gazebo//models/turtlebot3_house/table_marble/materials/scripts\n'}
[11.658410] (turtlebot3_gazebo) StdoutLine: {'line': b'-- Installing: /root/ros_workspace/install/turtlebot3_gazebo/share/turtlebot3_gazebo//models/turtlebot3_house/table_marble/materials/scripts/table_lightmap.material\n'}
[11.658692] (turtlebot3_gazebo) StdoutLine: {'line': b'-- Installing: /root/ros_workspace/install/turtlebot3_gazebo/share/turtlebot3_gazebo//models/turtlebot3_house/table_marble/model-1_4.sdf\n'}
[11.658888] (turtlebot3_gazebo) StdoutLine: {'line': b'-- Installing: /root/ros_workspace/install/turtlebot3_gazebo/share/turtlebot3_gazebo//models/turtlebot3_house/model.sdf\n'}
[11.659868] (turtlebot3_gazebo) StdoutLine: {'line': b'-- Installing: /root/ros_workspace/install/turtlebot3_gazebo/share/turtlebot3_gazebo//models/turtlebot3_house/textures\n'}
[11.659996] (turtlebot3_gazebo) StdoutLine: {'line': b'-- Installing: /root/ros_workspace/install/turtlebot3_gazebo/share/turtlebot3_gazebo//models/turtlebot3_house/textures/wood.png\n'}
[11.660923] (turtlebot3_gazebo) StdoutLine: {'line': b'-- Installing: /root/ros_workspace/install/turtlebot3_gazebo/share/turtlebot3_gazebo//models/turtlebot3_house/textures/bricks.png\n'}
[11.664589] (turtlebot3_gazebo) StdoutLine: {'line': b'-- Installing: /root/ros_workspace/install/turtlebot3_gazebo/share/turtlebot3_gazebo//models/turtlebot3_house/cafe_table\n'}
[11.664741] (turtlebot3_gazebo) StdoutLine: {'line': b'-- Installing: /root/ros_workspace/install/turtlebot3_gazebo/share/turtlebot3_gazebo//models/turtlebot3_house/cafe_table/model.config\n'}
[11.665017] (turtlebot3_gazebo) StdoutLine: {'line': b'-- Installing: /root/ros_workspace/install/turtlebot3_gazebo/share/turtlebot3_gazebo//models/turtlebot3_house/cafe_table/meshes\n'}
[11.665148] (turtlebot3_gazebo) StdoutLine: {'line': b'-- Installing: /root/ros_workspace/install/turtlebot3_gazebo/share/turtlebot3_gazebo//models/turtlebot3_house/cafe_table/meshes/cafe_table.dae\n'}
[11.665788] (turtlebot3_gazebo) StdoutLine: {'line': b'-- Installing: /root/ros_workspace/install/turtlebot3_gazebo/share/turtlebot3_gazebo//models/turtlebot3_house/cafe_table/model.sdf\n'}
[11.666089] (turtlebot3_gazebo) StdoutLine: {'line': b'-- Installing: /root/ros_workspace/install/turtlebot3_gazebo/share/turtlebot3_gazebo//models/turtlebot3_house/cafe_table/materials\n'}
[11.666209] (turtlebot3_gazebo) StdoutLine: {'line': b'-- Installing: /root/ros_workspace/install/turtlebot3_gazebo/share/turtlebot3_gazebo//models/turtlebot3_house/cafe_table/materials/textures\n'}
[11.666390] (turtlebot3_gazebo) StdoutLine: {'line': b'-- Installing: /root/ros_workspace/install/turtlebot3_gazebo/share/turtlebot3_gazebo//models/turtlebot3_house/cafe_table/materials/textures/Wood_Floor_Dark.jpg\n'}
[11.666999] (turtlebot3_gazebo) StdoutLine: {'line': b'-- Installing: /root/ros_workspace/install/turtlebot3_gazebo/share/turtlebot3_gazebo//models/turtlebot3_house/cafe_table/materials/textures/Maple.jpg\n'}
[11.668158] (turtlebot3_gazebo) StdoutLine: {'line': b'-- Installing: /root/ros_workspace/install/turtlebot3_gazebo/share/turtlebot3_gazebo//models/turtlebot3_house/cafe_table/model-1_4.sdf\n'}
[11.668515] (turtlebot3_gazebo) StdoutLine: {'line': b'-- Installing: /root/ros_workspace/install/turtlebot3_gazebo/share/turtlebot3_gazebo//models/turtlebot3_house/mailbox\n'}
[11.668653] (turtlebot3_gazebo) StdoutLine: {'line': b'-- Installing: /root/ros_workspace/install/turtlebot3_gazebo/share/turtlebot3_gazebo//models/turtlebot3_house/mailbox/model.config\n'}
[11.669187] (turtlebot3_gazebo) StdoutLine: {'line': b'-- Installing: /root/ros_workspace/install/turtlebot3_gazebo/share/turtlebot3_gazebo//models/turtlebot3_house/mailbox/meshes\n'}
[11.669259] (turtlebot3_gazebo) StdoutLine: {'line': b'-- Installing: /root/ros_workspace/install/turtlebot3_gazebo/share/turtlebot3_gazebo//models/turtlebot3_house/mailbox/meshes/mailbox.dae\n'}
[11.669852] (turtlebot3_gazebo) StdoutLine: {'line': b'-- Installing: /root/ros_workspace/install/turtlebot3_gazebo/share/turtlebot3_gazebo//models/turtlebot3_house/mailbox/model.sdf\n'}
[11.670163] (turtlebot3_gazebo) StdoutLine: {'line': b'-- Installing: /root/ros_workspace/install/turtlebot3_gazebo/share/turtlebot3_gazebo//models/turtlebot3_house/mailbox/materials\n'}
[11.670288] (turtlebot3_gazebo) StdoutLine: {'line': b'-- Installing: /root/ros_workspace/install/turtlebot3_gazebo/share/turtlebot3_gazebo//models/turtlebot3_house/mailbox/materials/textures\n'}
[11.670397] (turtlebot3_gazebo) StdoutLine: {'line': b'-- Installing: /root/ros_workspace/install/turtlebot3_gazebo/share/turtlebot3_gazebo//models/turtlebot3_house/mailbox/materials/textures/Mailbox_Spec.png\n'}
[11.671461] (turtlebot3_gazebo) StdoutLine: {'line': b'-- Installing: /root/ros_workspace/install/turtlebot3_gazebo/share/turtlebot3_gazebo//models/turtlebot3_house/mailbox/materials/textures/Mailbox_Diffuse.png\n'}
[11.672549] (turtlebot3_gazebo) StdoutLine: {'line': b'-- Installing: /root/ros_workspace/install/turtlebot3_gazebo/share/turtlebot3_gazebo//models/turtlebot3_house/mailbox/materials/textures/Mailbox_Diffuse.tga.orig\n'}
[11.674272] (turtlebot3_gazebo) StdoutLine: {'line': b'-- Installing: /root/ros_workspace/install/turtlebot3_gazebo/share/turtlebot3_gazebo//models/turtlebot3_house/mailbox/materials/scripts\n'}
[11.674425] (turtlebot3_gazebo) StdoutLine: {'line': b'-- Installing: /root/ros_workspace/install/turtlebot3_gazebo/share/turtlebot3_gazebo//models/turtlebot3_house/mailbox/materials/scripts/mailbox.material\n'}
[11.674738] (turtlebot3_gazebo) StdoutLine: {'line': b'-- Installing: /root/ros_workspace/install/turtlebot3_gazebo/share/turtlebot3_gazebo//models/turtlebot3_house/mailbox/model-1_4.sdf\n'}
[11.675039] (turtlebot3_gazebo) StdoutLine: {'line': b'-- Installing: /root/ros_workspace/install/turtlebot3_gazebo/share/turtlebot3_gazebo//models/turtlebot3_house/mailbox/model-1_3.sdf\n'}
[11.675335] (turtlebot3_gazebo) StdoutLine: {'line': b'-- Installing: /root/ros_workspace/install/turtlebot3_gazebo/share/turtlebot3_gazebo//models/turtlebot3_world\n'}
[11.675461] (turtlebot3_gazebo) StdoutLine: {'line': b'-- Installing: /root/ros_workspace/install/turtlebot3_gazebo/share/turtlebot3_gazebo//models/turtlebot3_world/model.config\n'}
[11.675768] (turtlebot3_gazebo) StdoutLine: {'line': b'-- Installing: /root/ros_workspace/install/turtlebot3_gazebo/share/turtlebot3_gazebo//models/turtlebot3_world/meshes\n'}
[11.675891] (turtlebot3_gazebo) StdoutLine: {'line': b'-- Installing: /root/ros_workspace/install/turtlebot3_gazebo/share/turtlebot3_gazebo//models/turtlebot3_world/meshes/wall.dae\n'}
[11.676220] (turtlebot3_gazebo) StdoutLine: {'line': b'-- Installing: /root/ros_workspace/install/turtlebot3_gazebo/share/turtlebot3_gazebo//models/turtlebot3_world/meshes/hexagon.dae\n'}
[11.676544] (turtlebot3_gazebo) StdoutLine: {'line': b'-- Installing: /root/ros_workspace/install/turtlebot3_gazebo/share/turtlebot3_gazebo//models/turtlebot3_world/model.sdf\n'}
[11.676900] (turtlebot3_gazebo) StdoutLine: {'line': b'-- Installing: /root/ros_workspace/install/turtlebot3_gazebo/share/turtlebot3_gazebo//models/turtlebot3_world/model-1_4.sdf\n'}
[11.677241] (turtlebot3_gazebo) StdoutLine: {'line': b'-- Installing: /root/ros_workspace/install/turtlebot3_gazebo/share/turtlebot3_gazebo//models/turtlebot3_waffle\n'}
[11.677374] (turtlebot3_gazebo) StdoutLine: {'line': b'-- Installing: /root/ros_workspace/install/turtlebot3_gazebo/share/turtlebot3_gazebo//models/turtlebot3_waffle/model.config\n'}
[11.677723] (turtlebot3_gazebo) StdoutLine: {'line': b'-- Installing: /root/ros_workspace/install/turtlebot3_gazebo/share/turtlebot3_gazebo//models/turtlebot3_waffle/model.sdf\n'}
[11.678046] (turtlebot3_gazebo) StdoutLine: {'line': b'-- Installing: /root/ros_workspace/install/turtlebot3_gazebo/share/turtlebot3_gazebo//models/turtlebot3_waffle/model-1_4.sdf\n'}
[11.678396] (turtlebot3_gazebo) StdoutLine: {'line': b'-- Installing: /root/ros_workspace/install/turtlebot3_gazebo/share/turtlebot3_gazebo//models/turtlebot3_common\n'}
[11.678553] (turtlebot3_gazebo) StdoutLine: {'line': b'-- Installing: /root/ros_workspace/install/turtlebot3_gazebo/share/turtlebot3_gazebo//models/turtlebot3_common/model.config\n'}
[11.678904] (turtlebot3_gazebo) StdoutLine: {'line': b'-- Installing: /root/ros_workspace/install/turtlebot3_gazebo/share/turtlebot3_gazebo//models/turtlebot3_common/meshes\n'}
[11.679017] (turtlebot3_gazebo) StdoutLine: {'line': b'-- Installing: /root/ros_workspace/install/turtlebot3_gazebo/share/turtlebot3_gazebo//models/turtlebot3_common/meshes/sensors\n'}
[11.679137] (turtlebot3_gazebo) StdoutLine: {'line': b'-- Installing: /root/ros_workspace/install/turtlebot3_gazebo/share/turtlebot3_gazebo//models/turtlebot3_common/meshes/sensors/lds.stl\n'}
[11.680778] (turtlebot3_gazebo) StdoutLine: {'line': b'-- Installing: /root/ros_workspace/install/turtlebot3_gazebo/share/turtlebot3_gazebo//models/turtlebot3_common/meshes/sensors/r200.jpg\n'}
[11.681132] (turtlebot3_gazebo) StdoutLine: {'line': b'-- Installing: /root/ros_workspace/install/turtlebot3_gazebo/share/turtlebot3_gazebo//models/turtlebot3_common/meshes/sensors/astra.dae\n'}
[11.694647] (-) TimerEvent: {}
[11.695087] (turtlebot3_gazebo) StdoutLine: {'line': b'-- Installing: /root/ros_workspace/install/turtlebot3_gazebo/share/turtlebot3_gazebo//models/turtlebot3_common/meshes/sensors/astra.jpg\n'}
[11.695830] (turtlebot3_gazebo) StdoutLine: {'line': b'-- Installing: /root/ros_workspace/install/turtlebot3_gazebo/share/turtlebot3_gazebo//models/turtlebot3_common/meshes/sensors/r200.dae\n'}
[11.696868] (turtlebot3_gazebo) StdoutLine: {'line': b'-- Installing: /root/ros_workspace/install/turtlebot3_gazebo/share/turtlebot3_gazebo//models/turtlebot3_common/meshes/waffle_base.dae\n'}
[11.697244] (turtlebot3_gazebo) StdoutLine: {'line': b'-- Installing: /root/ros_workspace/install/turtlebot3_gazebo/share/turtlebot3_gazebo//models/turtlebot3_common/meshes/burger_base.dae\n'}
[11.697624] (turtlebot3_gazebo) StdoutLine: {'line': b'-- Installing: /root/ros_workspace/install/turtlebot3_gazebo/share/turtlebot3_gazebo//models/turtlebot3_common/meshes/tire.dae\n'}
[11.698181] (turtlebot3_gazebo) StdoutLine: {'line': b'-- Installing: /root/ros_workspace/install/turtlebot3_gazebo/share/turtlebot3_gazebo//models/turtlebot3_common/meshes/wheels\n'}
[11.698346] (turtlebot3_gazebo) StdoutLine: {'line': b'-- Installing: /root/ros_workspace/install/turtlebot3_gazebo/share/turtlebot3_gazebo//models/turtlebot3_common/meshes/wheels/right_tire.stl\n'}
[11.701173] (turtlebot3_gazebo) StdoutLine: {'line': b'-- Installing: /root/ros_workspace/install/turtlebot3_gazebo/share/turtlebot3_gazebo//models/turtlebot3_common/meshes/wheels/left_tire.stl\n'}
[11.704079] (turtlebot3_gazebo) StdoutLine: {'line': b'-- Installing: /root/ros_workspace/install/turtlebot3_gazebo/share/turtlebot3_gazebo//models/turtlebot3_common/meshes/waffle_pi_base.dae\n'}
[11.704445] (turtlebot3_gazebo) StdoutLine: {'line': b'-- Installing: /root/ros_workspace/install/turtlebot3_gazebo/share/turtlebot3_gazebo//models/turtlebot3_common/meshes/bases\n'}
[11.704612] (turtlebot3_gazebo) StdoutLine: {'line': b'-- Installing: /root/ros_workspace/install/turtlebot3_gazebo/share/turtlebot3_gazebo//models/turtlebot3_common/meshes/bases/burger_base.stl\n'}
[11.714216] (turtlebot3_gazebo) StdoutLine: {'line': b'-- Installing: /root/ros_workspace/install/turtlebot3_gazebo/share/turtlebot3_gazebo//models/turtlebot3_common/meshes/bases/waffle_base.stl\n'}
[11.739999] (turtlebot3_gazebo) StdoutLine: {'line': b'-- Installing: /root/ros_workspace/install/turtlebot3_gazebo/share/turtlebot3_gazebo//models/turtlebot3_common/meshes/bases/waffle_pi_base.stl\n'}
[11.752567] (turtlebot3_gazebo) StdoutLine: {'line': b'-- Installing: /root/ros_workspace/install/turtlebot3_gazebo/share/turtlebot3_gazebo//models/turtlebot3_common/meshes/lds.dae\n'}
[11.753324] (turtlebot3_gazebo) StdoutLine: {'line': b'-- Installing: /root/ros_workspace/install/turtlebot3_gazebo/share/turtlebot3_gazebo//models/turtlebot3_common/meshes/r200.dae\n'}
[11.754515] (turtlebot3_gazebo) StdoutLine: {'line': b'-- Installing: /root/ros_workspace/install/turtlebot3_gazebo/share/turtlebot3_gazebo//models/turtlebot3_waffle_pi\n'}
[11.754712] (turtlebot3_gazebo) StdoutLine: {'line': b'-- Installing: /root/ros_workspace/install/turtlebot3_gazebo/share/turtlebot3_gazebo//models/turtlebot3_waffle_pi/model.config\n'}
[11.755045] (turtlebot3_gazebo) StdoutLine: {'line': b'-- Installing: /root/ros_workspace/install/turtlebot3_gazebo/share/turtlebot3_gazebo//models/turtlebot3_waffle_pi/model.sdf\n'}
[11.755437] (turtlebot3_gazebo) StdoutLine: {'line': b'-- Installing: /root/ros_workspace/install/turtlebot3_gazebo/share/turtlebot3_gazebo//models/turtlebot3_waffle_pi/model-1_4_.sdf\n'}
[11.755800] (turtlebot3_gazebo) StdoutLine: {'line': b'-- Installing: /root/ros_workspace/install/turtlebot3_gazebo/share/turtlebot3_gazebo//models/turtlebot3_burger_cam\n'}
[11.755961] (turtlebot3_gazebo) StdoutLine: {'line': b'-- Installing: /root/ros_workspace/install/turtlebot3_gazebo/share/turtlebot3_gazebo//models/turtlebot3_burger_cam/model.config\n'}
[11.756294] (turtlebot3_gazebo) StdoutLine: {'line': b'-- Installing: /root/ros_workspace/install/turtlebot3_gazebo/share/turtlebot3_gazebo//models/turtlebot3_burger_cam/model.sdf\n'}
[11.756662] (turtlebot3_gazebo) StdoutLine: {'line': b'-- Installing: /root/ros_workspace/install/turtlebot3_gazebo/share/turtlebot3_gazebo//models/turtlebot3_burger_cam/model-1_4.sdf\n'}
[11.757043] (turtlebot3_gazebo) StdoutLine: {'line': b'-- Installing: /root/ros_workspace/install/turtlebot3_gazebo/share/turtlebot3_gazebo//models/turtlebot3_dqn_world\n'}
[11.757202] (turtlebot3_gazebo) StdoutLine: {'line': b'-- Installing: /root/ros_workspace/install/turtlebot3_gazebo/share/turtlebot3_gazebo//models/turtlebot3_dqn_world/model.config\n'}
[11.757552] (turtlebot3_gazebo) StdoutLine: {'line': b'-- Installing: /root/ros_workspace/install/turtlebot3_gazebo/share/turtlebot3_gazebo//models/turtlebot3_dqn_world/obstacle1\n'}
[11.757727] (turtlebot3_gazebo) StdoutLine: {'line': b'-- Installing: /root/ros_workspace/install/turtlebot3_gazebo/share/turtlebot3_gazebo//models/turtlebot3_dqn_world/obstacle1/model.config\n'}
[11.757882] (turtlebot3_gazebo) StdoutLine: {'line': b'-- Installing: /root/ros_workspace/install/turtlebot3_gazebo/share/turtlebot3_gazebo//models/turtlebot3_dqn_world/obstacle1/model.sdf\n'}
[11.758192] (turtlebot3_gazebo) StdoutLine: {'line': b'-- Installing: /root/ros_workspace/install/turtlebot3_gazebo/share/turtlebot3_gazebo//models/turtlebot3_dqn_world/inner_walls\n'}
[11.758319] (turtlebot3_gazebo) StdoutLine: {'line': b'-- Installing: /root/ros_workspace/install/turtlebot3_gazebo/share/turtlebot3_gazebo//models/turtlebot3_dqn_world/inner_walls/model.config\n'}
[11.758642] (turtlebot3_gazebo) StdoutLine: {'line': b'-- Installing: /root/ros_workspace/install/turtlebot3_gazebo/share/turtlebot3_gazebo//models/turtlebot3_dqn_world/inner_walls/model.sdf\n'}
[11.758967] (turtlebot3_gazebo) StdoutLine: {'line': b'-- Installing: /root/ros_workspace/install/turtlebot3_gazebo/share/turtlebot3_gazebo//models/turtlebot3_dqn_world/inner_walls/textures\n'}
[11.759092] (turtlebot3_gazebo) StdoutLine: {'line': b'-- Installing: /root/ros_workspace/install/turtlebot3_gazebo/share/turtlebot3_gazebo//models/turtlebot3_dqn_world/inner_walls/textures/wood.png\n'}
[11.760034] (turtlebot3_gazebo) StdoutLine: {'line': b'-- Installing: /root/ros_workspace/install/turtlebot3_gazebo/share/turtlebot3_gazebo//models/turtlebot3_dqn_world/goal_box\n'}
[11.760155] (turtlebot3_gazebo) StdoutLine: {'line': b'-- Installing: /root/ros_workspace/install/turtlebot3_gazebo/share/turtlebot3_gazebo//models/turtlebot3_dqn_world/goal_box/model.config\n'}
[11.760461] (turtlebot3_gazebo) StdoutLine: {'line': b'-- Installing: /root/ros_workspace/install/turtlebot3_gazebo/share/turtlebot3_gazebo//models/turtlebot3_dqn_world/goal_box/model.sdf\n'}
[11.760661] (turtlebot3_gazebo) StdoutLine: {'line': b'-- Installing: /root/ros_workspace/install/turtlebot3_gazebo/share/turtlebot3_gazebo//models/turtlebot3_dqn_world/model.sdf\n'}
[11.760989] (turtlebot3_gazebo) StdoutLine: {'line': b'-- Installing: /root/ros_workspace/install/turtlebot3_gazebo/share/turtlebot3_gazebo//models/turtlebot3_dqn_world/textures\n'}
[11.761111] (turtlebot3_gazebo) StdoutLine: {'line': b'-- Installing: /root/ros_workspace/install/turtlebot3_gazebo/share/turtlebot3_gazebo//models/turtlebot3_dqn_world/textures/wood.png\n'}
[11.762013] (turtlebot3_gazebo) StdoutLine: {'line': b'-- Installing: /root/ros_workspace/install/turtlebot3_gazebo/share/turtlebot3_gazebo//models/turtlebot3_dqn_world/obstacle2\n'}
[11.762146] (turtlebot3_gazebo) StdoutLine: {'line': b'-- Installing: /root/ros_workspace/install/turtlebot3_gazebo/share/turtlebot3_gazebo//models/turtlebot3_dqn_world/obstacle2/model.config\n'}
[11.762506] (turtlebot3_gazebo) StdoutLine: {'line': b'-- Installing: /root/ros_workspace/install/turtlebot3_gazebo/share/turtlebot3_gazebo//models/turtlebot3_dqn_world/obstacle2/model.sdf\n'}
[11.762924] (turtlebot3_gazebo) StdoutLine: {'line': b'-- Installing: /root/ros_workspace/install/turtlebot3_gazebo/share/turtlebot3_gazebo//models/turtlebot3_dqn_world/obstacles\n'}
[11.762991] (turtlebot3_gazebo) StdoutLine: {'line': b'-- Installing: /root/ros_workspace/install/turtlebot3_gazebo/share/turtlebot3_gazebo//models/turtlebot3_dqn_world/obstacles/model.config\n'}
[11.763105] (turtlebot3_gazebo) StdoutLine: {'line': b'-- Installing: /root/ros_workspace/install/turtlebot3_gazebo/share/turtlebot3_gazebo//models/turtlebot3_dqn_world/obstacles/model.sdf\n'}
[11.763429] (turtlebot3_gazebo) StdoutLine: {'line': b'-- Installing: /root/ros_workspace/install/turtlebot3_gazebo/share/turtlebot3_gazebo//params\n'}
[11.763566] (turtlebot3_gazebo) StdoutLine: {'line': b'-- Installing: /root/ros_workspace/install/turtlebot3_gazebo/share/turtlebot3_gazebo//params/turtlebot3_waffle_bridge.yaml\n'}
[11.763681] (turtlebot3_gazebo) StdoutLine: {'line': b'-- Installing: /root/ros_workspace/install/turtlebot3_gazebo/share/turtlebot3_gazebo//params/turtlebot3_burger_cam_bridge.yaml\n'}
[11.763739] (turtlebot3_gazebo) StdoutLine: {'line': b'-- Installing: /root/ros_workspace/install/turtlebot3_gazebo/share/turtlebot3_gazebo//params/turtlebot3_waffle_pi_bridge.yaml\n'}
[11.763839] (turtlebot3_gazebo) StdoutLine: {'line': b'-- Installing: /root/ros_workspace/install/turtlebot3_gazebo/share/turtlebot3_gazebo//params/turtlebot3_burger_bridge.yaml\n'}
[11.763886] (turtlebot3_gazebo) StdoutLine: {'line': b'-- Installing: /root/ros_workspace/install/turtlebot3_gazebo/share/turtlebot3_gazebo//rviz\n'}
[11.763989] (turtlebot3_gazebo) StdoutLine: {'line': b'-- Installing: /root/ros_workspace/install/turtlebot3_gazebo/share/turtlebot3_gazebo//rviz/tb3_gazebo.rviz\n'}
[11.764034] (turtlebot3_gazebo) StdoutLine: {'line': b'-- Installing: /root/ros_workspace/install/turtlebot3_gazebo/share/turtlebot3_gazebo//urdf\n'}
[11.764130] (turtlebot3_gazebo) StdoutLine: {'line': b'-- Installing: /root/ros_workspace/install/turtlebot3_gazebo/share/turtlebot3_gazebo//urdf/common_properties.urdf\n'}
[11.764176] (turtlebot3_gazebo) StdoutLine: {'line': b'-- Installing: /root/ros_workspace/install/turtlebot3_gazebo/share/turtlebot3_gazebo//urdf/turtlebot3_burger.urdf\n'}
[11.764295] (turtlebot3_gazebo) StdoutLine: {'line': b'-- Installing: /root/ros_workspace/install/turtlebot3_gazebo/share/turtlebot3_gazebo//urdf/turtlebot3_waffle_pi.urdf\n'}
[11.764342] (turtlebot3_gazebo) StdoutLine: {'line': b'-- Installing: /root/ros_workspace/install/turtlebot3_gazebo/share/turtlebot3_gazebo//urdf/turtlebot3_burger_cam.urdf\n'}
[11.764438] (turtlebot3_gazebo) StdoutLine: {'line': b'-- Installing: /root/ros_workspace/install/turtlebot3_gazebo/share/turtlebot3_gazebo//urdf/turtlebot3_waffle.urdf\n'}
[11.764484] (turtlebot3_gazebo) StdoutLine: {'line': b'-- Installing: /root/ros_workspace/install/turtlebot3_gazebo/share/turtlebot3_gazebo//worlds\n'}
[11.764568] (turtlebot3_gazebo) StdoutLine: {'line': b'-- Installing: /root/ros_workspace/install/turtlebot3_gazebo/share/turtlebot3_gazebo//worlds/turtlebot3_dqn_stage3.world\n'}
[11.764868] (turtlebot3_gazebo) StdoutLine: {'line': b'-- Installing: /root/ros_workspace/install/turtlebot3_gazebo/share/turtlebot3_gazebo//worlds/turtlebot3_dynamic_obstacles.world\n'}
[11.765211] (turtlebot3_gazebo) StdoutLine: {'line': b'-- Installing: /root/ros_workspace/install/turtlebot3_gazebo/share/turtlebot3_gazebo//worlds/empty_world.world\n'}
[11.765574] (turtlebot3_gazebo) StdoutLine: {'line': b'-- Installing: /root/ros_workspace/install/turtlebot3_gazebo/share/turtlebot3_gazebo//worlds/turtlebot3_world.world\n'}
[11.765949] (turtlebot3_gazebo) StdoutLine: {'line': b'-- Installing: /root/ros_workspace/install/turtlebot3_gazebo/share/turtlebot3_gazebo//worlds/turtlebot3_autorace_2020.world\n'}
[11.766551] (turtlebot3_gazebo) StdoutLine: {'line': b'-- Installing: /root/ros_workspace/install/turtlebot3_gazebo/share/turtlebot3_gazebo//worlds/turtlebot3_dqn_stage4.world\n'}
[11.766872] (turtlebot3_gazebo) StdoutLine: {'line': b'-- Installing: /root/ros_workspace/install/turtlebot3_gazebo/share/turtlebot3_gazebo//worlds/turtlebot3_dqn_stage2.world\n'}
[11.767067] (turtlebot3_gazebo) StdoutLine: {'line': b'-- Installing: /root/ros_workspace/install/turtlebot3_gazebo/share/turtlebot3_gazebo//worlds/turtlebot3_house.world\n'}
[11.767367] (turtlebot3_gazebo) StdoutLine: {'line': b'-- Installing: /root/ros_workspace/install/turtlebot3_gazebo/share/turtlebot3_gazebo//worlds/turtlebot3_dqn_stage1.world\n'}
[11.767808] (turtlebot3_gazebo) StdoutLine: {'line': b'-- Installing: /root/ros_workspace/install/turtlebot3_gazebo/include/\n'}
[11.767948] (turtlebot3_gazebo) StdoutLine: {'line': b'-- Installing: /root/ros_workspace/install/turtlebot3_gazebo/include//turtlebot3_gazebo\n'}
[11.768144] (turtlebot3_gazebo) StdoutLine: {'line': b'-- Installing: /root/ros_workspace/install/turtlebot3_gazebo/include//turtlebot3_gazebo/obstacles.hpp\n'}
[11.768317] (turtlebot3_gazebo) StdoutLine: {'line': b'-- Installing: /root/ros_workspace/install/turtlebot3_gazebo/include//turtlebot3_gazebo/turtlebot3_drive.hpp\n'}
[11.768375] (turtlebot3_gazebo) StdoutLine: {'line': b'-- Installing: /root/ros_workspace/install/turtlebot3_gazebo/include//turtlebot3_gazebo/obstacle1.hpp\n'}
[11.768410] (turtlebot3_gazebo) StdoutLine: {'line': b'-- Installing: /root/ros_workspace/install/turtlebot3_gazebo/include//turtlebot3_gazebo/traffic_light_plugin.hpp\n'}
[11.768442] (turtlebot3_gazebo) StdoutLine: {'line': b'-- Installing: /root/ros_workspace/install/turtlebot3_gazebo/include//turtlebot3_gazebo/obstacle2.hpp\n'}
[11.768476] (turtlebot3_gazebo) StdoutLine: {'line': b'-- Installing: /root/ros_workspace/install/turtlebot3_gazebo/include//turtlebot3_gazebo/traffic_bar_plugin.hpp\n'}
[11.768883] (turtlebot3_gazebo) StdoutLine: {'line': b'-- Installing: /root/ros_workspace/install/turtlebot3_gazebo/share/ament_index/resource_index/package_run_dependencies/turtlebot3_gazebo\n'}
[11.769028] (turtlebot3_gazebo) StdoutLine: {'line': b'-- Installing: /root/ros_workspace/install/turtlebot3_gazebo/share/ament_index/resource_index/parent_prefix_path/turtlebot3_gazebo\n'}
[11.769335] (turtlebot3_gazebo) StdoutLine: {'line': b'-- Installing: /root/ros_workspace/install/turtlebot3_gazebo/share/turtlebot3_gazebo/environment/ament_prefix_path.sh\n'}
[11.769750] (turtlebot3_gazebo) StdoutLine: {'line': b'-- Installing: /root/ros_workspace/install/turtlebot3_gazebo/share/turtlebot3_gazebo/environment/ament_prefix_path.dsv\n'}
[11.769895] (turtlebot3_gazebo) StdoutLine: {'line': b'-- Installing: /root/ros_workspace/install/turtlebot3_gazebo/share/turtlebot3_gazebo/environment/path.sh\n'}
[11.770032] (turtlebot3_gazebo) StdoutLine: {'line': b'-- Installing: /root/ros_workspace/install/turtlebot3_gazebo/share/turtlebot3_gazebo/environment/path.dsv\n'}
[11.770161] (turtlebot3_gazebo) StdoutLine: {'line': b'-- Installing: /root/ros_workspace/install/turtlebot3_gazebo/share/turtlebot3_gazebo/local_setup.bash\n'}
[11.770285] (turtlebot3_gazebo) StdoutLine: {'line': b'-- Installing: /root/ros_workspace/install/turtlebot3_gazebo/share/turtlebot3_gazebo/local_setup.sh\n'}
[11.770439] (turtlebot3_gazebo) StdoutLine: {'line': b'-- Installing: /root/ros_workspace/install/turtlebot3_gazebo/share/turtlebot3_gazebo/local_setup.zsh\n'}
[11.770634] (turtlebot3_gazebo) StdoutLine: {'line': b'-- Installing: /root/ros_workspace/install/turtlebot3_gazebo/share/turtlebot3_gazebo/local_setup.dsv\n'}
[11.770765] (turtlebot3_gazebo) StdoutLine: {'line': b'-- Installing: /root/ros_workspace/install/turtlebot3_gazebo/share/turtlebot3_gazebo/package.dsv\n'}
[11.771007] (turtlebot3_gazebo) StdoutLine: {'line': b'-- Installing: /root/ros_workspace/install/turtlebot3_gazebo/share/ament_index/resource_index/packages/turtlebot3_gazebo\n'}
[11.771250] (turtlebot3_gazebo) StdoutLine: {'line': b'-- Installing: /root/ros_workspace/install/turtlebot3_gazebo/share/turtlebot3_gazebo/cmake/ament_cmake_export_include_directories-extras.cmake\n'}
[11.771362] (turtlebot3_gazebo) StdoutLine: {'line': b'-- Installing: /root/ros_workspace/install/turtlebot3_gazebo/share/turtlebot3_gazebo/cmake/ament_cmake_export_dependencies-extras.cmake\n'}
[11.771464] (turtlebot3_gazebo) StdoutLine: {'line': b'-- Installing: /root/ros_workspace/install/turtlebot3_gazebo/share/turtlebot3_gazebo/cmake/turtlebot3_gazeboConfig.cmake\n'}
[11.771522] (turtlebot3_gazebo) StdoutLine: {'line': b'-- Installing: /root/ros_workspace/install/turtlebot3_gazebo/share/turtlebot3_gazebo/cmake/turtlebot3_gazeboConfig-version.cmake\n'}
[11.771613] (turtlebot3_gazebo) StdoutLine: {'line': b'-- Installing: /root/ros_workspace/install/turtlebot3_gazebo/share/turtlebot3_gazebo/package.xml\n'}
[11.773112] (turtlebot3_gazebo) CommandEnded: {'returncode': 0}
[11.781133] (turtlebot3_gazebo) JobEnded: {'identifier': 'turtlebot3_gazebo', 'rc': 0}
[11.781917] (-) EventReactorShutdown: {}
